"Correlation_Id","Dispatch_Id","Agent_Id","Queue_Id","Process_Id","Thread_Id","Grid_Size","Kernel_Id","Kernel_Name","Workgroup_Size","LDS_Block_Size","Scratch_Size","VGPR_Count","Accum_VGPR_Count","SGPR_Count","Counter_Name","Counter_Value","Start_Timestamp","End_Timestamp"
1,1,"Agent 2",1,18927,18927,524288,15,"void at::native::(anonymous namespace)::distribution_elementwise_grid_stride_kernel<float, 4, at::native::templates::cuda::normal_and_transform<c10::BFloat16, float, at::CUDAGeneratorImpl*, at::native::templates::cuda::normal_kernel<at::CUDAGeneratorImpl*>(at::TensorBase const&, double, double, at::CUDAGeneratorImpl*)::{lambda()#1}::operator()() const::{lambda()#4}::operator()() const::{lambda(float)#1}>(at::TensorIteratorBase&, at::CUDAGeneratorImpl*, at::native::templates::cuda::normal_kernel<at::CUDAGeneratorImpl*>(at::TensorBase const&, double, double, at::CUDAGeneratorImpl*)::{lambda()#1}::operator()() const::{lambda()#4}::operator()() const::{lambda(float)#1})::{lambda(hiprandStatePhilox4_32_10*)#2}, at::native::(anonymous namespace)::distribution_nullary_kernel<c10::BFloat16, float, HIP_vector_type<float, 4u>, at::CUDAGeneratorImpl*, at::native::templates::cuda::normal_and_transform<c10::BFloat16, float, at::CUDAGeneratorImpl*, at::native::templates::cuda::normal_kernel<at::CUDAGeneratorImpl*>(at::TensorBase const&, double, double, at::CUDAGeneratorImpl*)::{lambda()#1}::operator()() const::{lambda()#4}::operator()() const::{lambda(float)#1}>(at::TensorIteratorBase&, at::CUDAGeneratorImpl*, at::native::templates::cuda::normal_kernel<at::CUDAGeneratorImpl*>(at::TensorBase const&, double, double, at::CUDAGeneratorImpl*)::{lambda()#1}::operator()() const::{lambda()#4}::operator()() const::{lambda(float)#1})::{lambda(hiprandStatePhilox4_32_10*)#2}, at::native::templates::cuda::normal_kernel<at::CUDAGeneratorImpl*>(at::TensorBase const&, double, double, at::CUDAGeneratorImpl*)::{lambda()#1}::operator()() const::{lambda()#4}::operator()() const::{lambda(float)#1}>(at::TensorIteratorBase&, at::CUDAGeneratorImpl*, at::native::templates::cuda::normal_and_transform<c10::BFloat16, float, at::CUDAGeneratorImpl*, at::native::templates::cuda::normal_kernel<at::CUDAGeneratorImpl*>(at::TensorBase const&, double, double, at::CUDAGeneratorImpl*)::{lambda()#1}::operator()() const::{lambda()#4}::operator()() const::{lambda(float)#1}>(at::TensorIteratorBase&, at::CUDAGeneratorImpl*, at::native::templates::cuda::normal_kernel<at::CUDAGeneratorImpl*>(at::TensorBase const&, double, double, at::CUDAGeneratorImpl*)::{lambda()#1}::operator()() const::{lambda()#4}::operator()() const::{lambda(float)#1})::{lambda(hiprandStatePhilox4_32_10*)#2} const&, at::native::templates::cuda::normal_kernel<at::CUDAGeneratorImpl*>(at::TensorBase const&, double, double, at::CUDAGeneratorImpl*)::{lambda()#1}::operator()() const::{lambda()#4}::operator()() const::{lambda(float)#1})::{lambda(int, float)#1}>(long, at::PhiloxCudaState, at::native::templates::cuda::normal_and_transform<c10::BFloat16, float, at::CUDAGeneratorImpl*, at::native::templates::cuda::normal_kernel<at::CUDAGeneratorImpl*>(at::TensorBase const&, double, double, at::CUDAGeneratorImpl*)::{lambda()#1}::operator()() const::{lambda()#4}::operator()() const::{lambda(float)#1}>(at::TensorIteratorBase&, at::CUDAGeneratorImpl*, at::native::templates::cuda::normal_kernel<at::CUDAGeneratorImpl*>(at::TensorBase const&, double, double, at::CUDAGeneratorImpl*)::{lambda()#1}::operator()() const::{lambda()#4}::operator()() const::{lambda(float)#1})::{lambda(hiprandStatePhilox4_32_10*)#2}, at::native::(anonymous namespace)::distribution_nullary_kernel<c10::BFloat16, float, HIP_vector_type<float, 4u>, at::CUDAGeneratorImpl*, at::native::templates::cuda::normal_and_transform<c10::BFloat16, float, at::CUDAGeneratorImpl*, at::native::templates::cuda::normal_kernel<at::CUDAGeneratorImpl*>(at::TensorBase const&, double, double, at::CUDAGeneratorImpl*)::{lambda()#1}::operator()() const::{lambda()#4}::operator()() const::{lambda(float)#1}>(at::TensorIteratorBase&, at::CUDAGeneratorImpl*, at::native::templates::cuda::normal_kernel<at::CUDAGeneratorImpl*>(at::TensorBase const&, double, double, at::CUDAGeneratorImpl*)::{lambda()#1}::operator()() const::{lambda()#4}::operator()() const::{lambda(float)#1})::{lambda(hiprandStatePhilox4_32_10*)#2}, at::native::templates::cuda::normal_kernel<at::CUDAGeneratorImpl*>(at::TensorBase const&, double, double, at::CUDAGeneratorImpl*)::{lambda()#1}::operator()() const::{lambda()#4}::operator()() const::{lambda(float)#1}>(at::TensorIteratorBase&, at::CUDAGeneratorImpl*, at::native::templates::cuda::normal_and_transform<c10::BFloat16, float, at::CUDAGeneratorImpl*, at::native::templates::cuda::normal_kernel<at::CUDAGeneratorImpl*>(at::TensorBase const&, double, double, at::CUDAGeneratorImpl*)::{lambda()#1}::operator()() const::{lambda()#4}::operator()() const::{lambda(float)#1}>(at::TensorIteratorBase&, at::CUDAGeneratorImpl*, at::native::templates::cuda::normal_kernel<at::CUDAGeneratorImpl*>(at::TensorBase const&, double, double, at::CUDAGeneratorImpl*)::{lambda()#1}::operator()() const::{lambda()#4}::operator()() const::{lambda(float)#1})::{lambda(hiprandStatePhilox4_32_10*)#2} const&, at::native::templates::cuda::normal_kernel<at::CUDAGeneratorImpl*>(at::TensorBase const&, double, double, at::CUDAGeneratorImpl*)::{lambda()#1}::operator()() const::{lambda()#4}::operator()() const::{lambda(float)#1})::{lambda(int, float)#1})",256,0,0,28,0,48,"TCP_TOTAL_CACHE_ACCESSES_sum",67108864.000000,2911787048631336,2911787050262163
2,2,"Agent 2",1,18927,18927,524288,15,"void at::native::(anonymous namespace)::distribution_elementwise_grid_stride_kernel<float, 4, at::native::templates::cuda::normal_and_transform<c10::BFloat16, float, at::CUDAGeneratorImpl*, at::native::templates::cuda::normal_kernel<at::CUDAGeneratorImpl*>(at::TensorBase const&, double, double, at::CUDAGeneratorImpl*)::{lambda()#1}::operator()() const::{lambda()#4}::operator()() const::{lambda(float)#1}>(at::TensorIteratorBase&, at::CUDAGeneratorImpl*, at::native::templates::cuda::normal_kernel<at::CUDAGeneratorImpl*>(at::TensorBase const&, double, double, at::CUDAGeneratorImpl*)::{lambda()#1}::operator()() const::{lambda()#4}::operator()() const::{lambda(float)#1})::{lambda(hiprandStatePhilox4_32_10*)#2}, at::native::(anonymous namespace)::distribution_nullary_kernel<c10::BFloat16, float, HIP_vector_type<float, 4u>, at::CUDAGeneratorImpl*, at::native::templates::cuda::normal_and_transform<c10::BFloat16, float, at::CUDAGeneratorImpl*, at::native::templates::cuda::normal_kernel<at::CUDAGeneratorImpl*>(at::TensorBase const&, double, double, at::CUDAGeneratorImpl*)::{lambda()#1}::operator()() const::{lambda()#4}::operator()() const::{lambda(float)#1}>(at::TensorIteratorBase&, at::CUDAGeneratorImpl*, at::native::templates::cuda::normal_kernel<at::CUDAGeneratorImpl*>(at::TensorBase const&, double, double, at::CUDAGeneratorImpl*)::{lambda()#1}::operator()() const::{lambda()#4}::operator()() const::{lambda(float)#1})::{lambda(hiprandStatePhilox4_32_10*)#2}, at::native::templates::cuda::normal_kernel<at::CUDAGeneratorImpl*>(at::TensorBase const&, double, double, at::CUDAGeneratorImpl*)::{lambda()#1}::operator()() const::{lambda()#4}::operator()() const::{lambda(float)#1}>(at::TensorIteratorBase&, at::CUDAGeneratorImpl*, at::native::templates::cuda::normal_and_transform<c10::BFloat16, float, at::CUDAGeneratorImpl*, at::native::templates::cuda::normal_kernel<at::CUDAGeneratorImpl*>(at::TensorBase const&, double, double, at::CUDAGeneratorImpl*)::{lambda()#1}::operator()() const::{lambda()#4}::operator()() const::{lambda(float)#1}>(at::TensorIteratorBase&, at::CUDAGeneratorImpl*, at::native::templates::cuda::normal_kernel<at::CUDAGeneratorImpl*>(at::TensorBase const&, double, double, at::CUDAGeneratorImpl*)::{lambda()#1}::operator()() const::{lambda()#4}::operator()() const::{lambda(float)#1})::{lambda(hiprandStatePhilox4_32_10*)#2} const&, at::native::templates::cuda::normal_kernel<at::CUDAGeneratorImpl*>(at::TensorBase const&, double, double, at::CUDAGeneratorImpl*)::{lambda()#1}::operator()() const::{lambda()#4}::operator()() const::{lambda(float)#1})::{lambda(int, float)#1}>(long, at::PhiloxCudaState, at::native::templates::cuda::normal_and_transform<c10::BFloat16, float, at::CUDAGeneratorImpl*, at::native::templates::cuda::normal_kernel<at::CUDAGeneratorImpl*>(at::TensorBase const&, double, double, at::CUDAGeneratorImpl*)::{lambda()#1}::operator()() const::{lambda()#4}::operator()() const::{lambda(float)#1}>(at::TensorIteratorBase&, at::CUDAGeneratorImpl*, at::native::templates::cuda::normal_kernel<at::CUDAGeneratorImpl*>(at::TensorBase const&, double, double, at::CUDAGeneratorImpl*)::{lambda()#1}::operator()() const::{lambda()#4}::operator()() const::{lambda(float)#1})::{lambda(hiprandStatePhilox4_32_10*)#2}, at::native::(anonymous namespace)::distribution_nullary_kernel<c10::BFloat16, float, HIP_vector_type<float, 4u>, at::CUDAGeneratorImpl*, at::native::templates::cuda::normal_and_transform<c10::BFloat16, float, at::CUDAGeneratorImpl*, at::native::templates::cuda::normal_kernel<at::CUDAGeneratorImpl*>(at::TensorBase const&, double, double, at::CUDAGeneratorImpl*)::{lambda()#1}::operator()() const::{lambda()#4}::operator()() const::{lambda(float)#1}>(at::TensorIteratorBase&, at::CUDAGeneratorImpl*, at::native::templates::cuda::normal_kernel<at::CUDAGeneratorImpl*>(at::TensorBase const&, double, double, at::CUDAGeneratorImpl*)::{lambda()#1}::operator()() const::{lambda()#4}::operator()() const::{lambda(float)#1})::{lambda(hiprandStatePhilox4_32_10*)#2}, at::native::templates::cuda::normal_kernel<at::CUDAGeneratorImpl*>(at::TensorBase const&, double, double, at::CUDAGeneratorImpl*)::{lambda()#1}::operator()() const::{lambda()#4}::operator()() const::{lambda(float)#1}>(at::TensorIteratorBase&, at::CUDAGeneratorImpl*, at::native::templates::cuda::normal_and_transform<c10::BFloat16, float, at::CUDAGeneratorImpl*, at::native::templates::cuda::normal_kernel<at::CUDAGeneratorImpl*>(at::TensorBase const&, double, double, at::CUDAGeneratorImpl*)::{lambda()#1}::operator()() const::{lambda()#4}::operator()() const::{lambda(float)#1}>(at::TensorIteratorBase&, at::CUDAGeneratorImpl*, at::native::templates::cuda::normal_kernel<at::CUDAGeneratorImpl*>(at::TensorBase const&, double, double, at::CUDAGeneratorImpl*)::{lambda()#1}::operator()() const::{lambda()#4}::operator()() const::{lambda(float)#1})::{lambda(hiprandStatePhilox4_32_10*)#2} const&, at::native::templates::cuda::normal_kernel<at::CUDAGeneratorImpl*>(at::TensorBase const&, double, double, at::CUDAGeneratorImpl*)::{lambda()#1}::operator()() const::{lambda()#4}::operator()() const::{lambda(float)#1})::{lambda(int, float)#1})",256,0,0,28,0,48,"TCP_TOTAL_CACHE_ACCESSES_sum",8388608.000000,2911787050397098,2911787050653697
3,3,"Agent 2",1,18927,18927,524288,15,"void at::native::(anonymous namespace)::distribution_elementwise_grid_stride_kernel<float, 4, at::native::templates::cuda::normal_and_transform<c10::BFloat16, float, at::CUDAGeneratorImpl*, at::native::templates::cuda::normal_kernel<at::CUDAGeneratorImpl*>(at::TensorBase const&, double, double, at::CUDAGeneratorImpl*)::{lambda()#1}::operator()() const::{lambda()#4}::operator()() const::{lambda(float)#1}>(at::TensorIteratorBase&, at::CUDAGeneratorImpl*, at::native::templates::cuda::normal_kernel<at::CUDAGeneratorImpl*>(at::TensorBase const&, double, double, at::CUDAGeneratorImpl*)::{lambda()#1}::operator()() const::{lambda()#4}::operator()() const::{lambda(float)#1})::{lambda(hiprandStatePhilox4_32_10*)#2}, at::native::(anonymous namespace)::distribution_nullary_kernel<c10::BFloat16, float, HIP_vector_type<float, 4u>, at::CUDAGeneratorImpl*, at::native::templates::cuda::normal_and_transform<c10::BFloat16, float, at::CUDAGeneratorImpl*, at::native::templates::cuda::normal_kernel<at::CUDAGeneratorImpl*>(at::TensorBase const&, double, double, at::CUDAGeneratorImpl*)::{lambda()#1}::operator()() const::{lambda()#4}::operator()() const::{lambda(float)#1}>(at::TensorIteratorBase&, at::CUDAGeneratorImpl*, at::native::templates::cuda::normal_kernel<at::CUDAGeneratorImpl*>(at::TensorBase const&, double, double, at::CUDAGeneratorImpl*)::{lambda()#1}::operator()() const::{lambda()#4}::operator()() const::{lambda(float)#1})::{lambda(hiprandStatePhilox4_32_10*)#2}, at::native::templates::cuda::normal_kernel<at::CUDAGeneratorImpl*>(at::TensorBase const&, double, double, at::CUDAGeneratorImpl*)::{lambda()#1}::operator()() const::{lambda()#4}::operator()() const::{lambda(float)#1}>(at::TensorIteratorBase&, at::CUDAGeneratorImpl*, at::native::templates::cuda::normal_and_transform<c10::BFloat16, float, at::CUDAGeneratorImpl*, at::native::templates::cuda::normal_kernel<at::CUDAGeneratorImpl*>(at::TensorBase const&, double, double, at::CUDAGeneratorImpl*)::{lambda()#1}::operator()() const::{lambda()#4}::operator()() const::{lambda(float)#1}>(at::TensorIteratorBase&, at::CUDAGeneratorImpl*, at::native::templates::cuda::normal_kernel<at::CUDAGeneratorImpl*>(at::TensorBase const&, double, double, at::CUDAGeneratorImpl*)::{lambda()#1}::operator()() const::{lambda()#4}::operator()() const::{lambda(float)#1})::{lambda(hiprandStatePhilox4_32_10*)#2} const&, at::native::templates::cuda::normal_kernel<at::CUDAGeneratorImpl*>(at::TensorBase const&, double, double, at::CUDAGeneratorImpl*)::{lambda()#1}::operator()() const::{lambda()#4}::operator()() const::{lambda(float)#1})::{lambda(int, float)#1}>(long, at::PhiloxCudaState, at::native::templates::cuda::normal_and_transform<c10::BFloat16, float, at::CUDAGeneratorImpl*, at::native::templates::cuda::normal_kernel<at::CUDAGeneratorImpl*>(at::TensorBase const&, double, double, at::CUDAGeneratorImpl*)::{lambda()#1}::operator()() const::{lambda()#4}::operator()() const::{lambda(float)#1}>(at::TensorIteratorBase&, at::CUDAGeneratorImpl*, at::native::templates::cuda::normal_kernel<at::CUDAGeneratorImpl*>(at::TensorBase const&, double, double, at::CUDAGeneratorImpl*)::{lambda()#1}::operator()() const::{lambda()#4}::operator()() const::{lambda(float)#1})::{lambda(hiprandStatePhilox4_32_10*)#2}, at::native::(anonymous namespace)::distribution_nullary_kernel<c10::BFloat16, float, HIP_vector_type<float, 4u>, at::CUDAGeneratorImpl*, at::native::templates::cuda::normal_and_transform<c10::BFloat16, float, at::CUDAGeneratorImpl*, at::native::templates::cuda::normal_kernel<at::CUDAGeneratorImpl*>(at::TensorBase const&, double, double, at::CUDAGeneratorImpl*)::{lambda()#1}::operator()() const::{lambda()#4}::operator()() const::{lambda(float)#1}>(at::TensorIteratorBase&, at::CUDAGeneratorImpl*, at::native::templates::cuda::normal_kernel<at::CUDAGeneratorImpl*>(at::TensorBase const&, double, double, at::CUDAGeneratorImpl*)::{lambda()#1}::operator()() const::{lambda()#4}::operator()() const::{lambda(float)#1})::{lambda(hiprandStatePhilox4_32_10*)#2}, at::native::templates::cuda::normal_kernel<at::CUDAGeneratorImpl*>(at::TensorBase const&, double, double, at::CUDAGeneratorImpl*)::{lambda()#1}::operator()() const::{lambda()#4}::operator()() const::{lambda(float)#1}>(at::TensorIteratorBase&, at::CUDAGeneratorImpl*, at::native::templates::cuda::normal_and_transform<c10::BFloat16, float, at::CUDAGeneratorImpl*, at::native::templates::cuda::normal_kernel<at::CUDAGeneratorImpl*>(at::TensorBase const&, double, double, at::CUDAGeneratorImpl*)::{lambda()#1}::operator()() const::{lambda()#4}::operator()() const::{lambda(float)#1}>(at::TensorIteratorBase&, at::CUDAGeneratorImpl*, at::native::templates::cuda::normal_kernel<at::CUDAGeneratorImpl*>(at::TensorBase const&, double, double, at::CUDAGeneratorImpl*)::{lambda()#1}::operator()() const::{lambda()#4}::operator()() const::{lambda(float)#1})::{lambda(hiprandStatePhilox4_32_10*)#2} const&, at::native::templates::cuda::normal_kernel<at::CUDAGeneratorImpl*>(at::TensorBase const&, double, double, at::CUDAGeneratorImpl*)::{lambda()#1}::operator()() const::{lambda()#4}::operator()() const::{lambda(float)#1})::{lambda(int, float)#1})",256,0,0,28,0,48,"TCP_TOTAL_CACHE_ACCESSES_sum",8388608.000000,2911787050752610,2911787051008648
4,4,"Agent 2",1,18927,18927,16777216,27,"aiter::fmha_fwd_hd128_bf16",512,163840,0,128,0,112,"TCP_TOTAL_CACHE_ACCESSES_sum",2337275904.000000,2911787402404866,2911787439307333
5,5,"Agent 2",1,18927,18927,16777216,27,"aiter::fmha_fwd_hd128_bf16",512,163840,0,128,0,112,"TCP_TOTAL_CACHE_ACCESSES_sum",2337275904.000000,2911787439388613,2911787473754040
6,6,"Agent 2",1,18927,18927,16777216,27,"aiter::fmha_fwd_hd128_bf16",512,163840,0,128,0,112,"TCP_TOTAL_CACHE_ACCESSES_sum",2337275904.000000,2911787473826003,2911787508085282
7,7,"Agent 2",1,18927,18927,16777216,27,"aiter::fmha_fwd_hd128_bf16",512,163840,0,128,0,112,"TCP_TOTAL_CACHE_ACCESSES_sum",2337275904.000000,2911787508160765,2911787542606195
8,8,"Agent 2",1,18927,18927,16777216,27,"aiter::fmha_fwd_hd128_bf16",512,163840,0,128,0,112,"TCP_TOTAL_CACHE_ACCESSES_sum",2337275904.000000,2911787542731084,2911787577072155
9,9,"Agent 2",1,18927,18927,16777216,27,"aiter::fmha_fwd_hd128_bf16",512,163840,0,128,0,112,"TCP_TOTAL_CACHE_ACCESSES_sum",2337275904.000000,2911787577192817,2911787611512258
10,10,"Agent 2",1,18927,18927,16777216,27,"aiter::fmha_fwd_hd128_bf16",512,163840,0,128,0,112,"TCP_TOTAL_CACHE_ACCESSES_sum",2337275904.000000,2911787611633526,2911787646083876
11,11,"Agent 2",1,18927,18927,16777216,27,"aiter::fmha_fwd_hd128_bf16",512,163840,0,128,0,112,"TCP_TOTAL_CACHE_ACCESSES_sum",2337275904.000000,2911787646198701,2911787680748005
12,12,"Agent 2",1,18927,18927,16777216,27,"aiter::fmha_fwd_hd128_bf16",512,163840,0,128,0,112,"TCP_TOTAL_CACHE_ACCESSES_sum",2337275904.000000,2911787680862750,2911787715208432
13,13,"Agent 2",1,18927,18927,16777216,27,"aiter::fmha_fwd_hd128_bf16",512,163840,0,128,0,112,"TCP_TOTAL_CACHE_ACCESSES_sum",2337275904.000000,2911787715325216,2911787749865246
14,14,"Agent 2",1,18927,18927,16777216,27,"aiter::fmha_fwd_hd128_bf16",512,163840,0,128,0,112,"TCP_TOTAL_CACHE_ACCESSES_sum",2337275904.000000,2911787749980894,2911787785175336
15,15,"Agent 2",1,18927,18927,16777216,27,"aiter::fmha_fwd_hd128_bf16",512,163840,0,128,0,112,"TCP_TOTAL_CACHE_ACCESSES_sum",2337275904.000000,2911787785290880,2911787820658999
16,16,"Agent 2",1,18927,18927,16777216,27,"aiter::fmha_fwd_hd128_bf16",512,163840,0,128,0,112,"TCP_TOTAL_CACHE_ACCESSES_sum",2337275904.000000,2911787820774856,2911787856083208
17,17,"Agent 2",1,18927,18927,16777216,27,"aiter::fmha_fwd_hd128_bf16",512,163840,0,128,0,112,"TCP_TOTAL_CACHE_ACCESSES_sum",2337275904.000000,2911787856197833,2911787891455448
18,18,"Agent 2",1,18927,18927,16777216,27,"aiter::fmha_fwd_hd128_bf16",512,163840,0,128,0,112,"TCP_TOTAL_CACHE_ACCESSES_sum",2337275904.000000,2911787891571665,2911787926771220
19,19,"Agent 2",1,18927,18927,16777216,27,"aiter::fmha_fwd_hd128_bf16",512,163840,0,128,0,112,"TCP_TOTAL_CACHE_ACCESSES_sum",2337275904.000000,2911787926892122,2911787962079044
20,20,"Agent 2",1,18927,18927,16777216,27,"aiter::fmha_fwd_hd128_bf16",512,163840,0,128,0,112,"TCP_TOTAL_CACHE_ACCESSES_sum",2337275904.000000,2911787962193985,2911787997457474
21,21,"Agent 2",1,18927,18927,16777216,27,"aiter::fmha_fwd_hd128_bf16",512,163840,0,128,0,112,"TCP_TOTAL_CACHE_ACCESSES_sum",2337275904.000000,2911787997578736,2911788032751828
22,22,"Agent 2",1,18927,18927,16777216,27,"aiter::fmha_fwd_hd128_bf16",512,163840,0,128,0,112,"TCP_TOTAL_CACHE_ACCESSES_sum",2337275904.000000,2911788032866752,2911788068091904
23,23,"Agent 2",1,18927,18927,16777216,27,"aiter::fmha_fwd_hd128_bf16",512,163840,0,128,0,112,"TCP_TOTAL_CACHE_ACCESSES_sum",2337275904.000000,2911788068210167,2911788103410770
24,24,"Agent 2",1,18927,18927,16777216,27,"aiter::fmha_fwd_hd128_bf16",512,163840,0,128,0,112,"TCP_TOTAL_CACHE_ACCESSES_sum",2337275904.000000,2911788103675597,2911788138780207
25,25,"Agent 2",1,18927,18927,16777216,27,"aiter::fmha_fwd_hd128_bf16",512,163840,0,128,0,112,"TCP_TOTAL_CACHE_ACCESSES_sum",2337275904.000000,2911788138929455,2911788174095116
26,26,"Agent 2",1,18927,18927,16777216,27,"aiter::fmha_fwd_hd128_bf16",512,163840,0,128,0,112,"TCP_TOTAL_CACHE_ACCESSES_sum",2337275904.000000,2911788174231493,2911788209429978
27,27,"Agent 2",1,18927,18927,16777216,27,"aiter::fmha_fwd_hd128_bf16",512,163840,0,128,0,112,"TCP_TOTAL_CACHE_ACCESSES_sum",2337275904.000000,2911788209563514,2911788244716941
28,28,"Agent 2",1,18927,18927,16777216,27,"aiter::fmha_fwd_hd128_bf16",512,163840,0,128,0,112,"TCP_TOTAL_CACHE_ACCESSES_sum",2337275904.000000,2911788244862038,2911788279978961
29,29,"Agent 2",1,18927,18927,16777216,27,"aiter::fmha_fwd_hd128_bf16",512,163840,0,128,0,112,"TCP_TOTAL_CACHE_ACCESSES_sum",2337275904.000000,2911788280112697,2911788315202672
30,30,"Agent 2",1,18927,18927,16777216,27,"aiter::fmha_fwd_hd128_bf16",512,163840,0,128,0,112,"TCP_TOTAL_CACHE_ACCESSES_sum",2337275904.000000,2911788315343214,2911788350533750
31,31,"Agent 2",1,18927,18927,16777216,27,"aiter::fmha_fwd_hd128_bf16",512,163840,0,128,0,112,"TCP_TOTAL_CACHE_ACCESSES_sum",2337275904.000000,2911788350664927,2911788385926909
32,32,"Agent 2",1,18927,18927,16777216,27,"aiter::fmha_fwd_hd128_bf16",512,163840,0,128,0,112,"TCP_TOTAL_CACHE_ACCESSES_sum",2337275904.000000,2911788386059411,2911788421214276
33,33,"Agent 2",1,18927,18927,16777216,27,"aiter::fmha_fwd_hd128_bf16",512,163840,0,128,0,112,"TCP_TOTAL_CACHE_ACCESSES_sum",2337275904.000000,2911788421347572,2911788456574164
34,34,"Agent 2",1,18927,18927,16777216,27,"aiter::fmha_fwd_hd128_bf16",512,163840,0,128,0,112,"TCP_TOTAL_CACHE_ACCESSES_sum",2337275904.000000,2911788456704504,2911788491876921
35,35,"Agent 2",1,18927,18927,16777216,27,"aiter::fmha_fwd_hd128_bf16",512,163840,0,128,0,112,"TCP_TOTAL_CACHE_ACCESSES_sum",2337275904.000000,2911788492008218,2911788527107270
36,36,"Agent 2",1,18927,18927,16777216,27,"aiter::fmha_fwd_hd128_bf16",512,163840,0,128,0,112,"TCP_TOTAL_CACHE_ACCESSES_sum",2337275904.000000,2911788527247580,2911788562383735
37,37,"Agent 2",1,18927,18927,16777216,27,"aiter::fmha_fwd_hd128_bf16",512,163840,0,128,0,112,"TCP_TOTAL_CACHE_ACCESSES_sum",2337275904.000000,2911788562517391,2911788597688170
38,38,"Agent 2",1,18927,18927,16777216,27,"aiter::fmha_fwd_hd128_bf16",512,163840,0,128,0,112,"TCP_TOTAL_CACHE_ACCESSES_sum",2337275904.000000,2911788597820268,2911788632968300
39,39,"Agent 2",1,18927,18927,16777216,27,"aiter::fmha_fwd_hd128_bf16",512,163840,0,128,0,112,"TCP_TOTAL_CACHE_ACCESSES_sum",2337275904.000000,2911788633105394,2911788668262622
40,40,"Agent 2",1,18927,18927,16777216,27,"aiter::fmha_fwd_hd128_bf16",512,163840,0,128,0,112,"TCP_TOTAL_CACHE_ACCESSES_sum",2337275904.000000,2911788668394088,2911788703531125
41,41,"Agent 2",1,18927,18927,16777216,27,"aiter::fmha_fwd_hd128_bf16",512,163840,0,128,0,112,"TCP_TOTAL_CACHE_ACCESSES_sum",2337275904.000000,2911788703661622,2911788738785785
42,42,"Agent 2",1,18927,18927,16777216,27,"aiter::fmha_fwd_hd128_bf16",512,163840,0,128,0,112,"TCP_TOTAL_CACHE_ACCESSES_sum",2337275904.000000,2911788738914326,2911788774065114
43,43,"Agent 2",1,18927,18927,16777216,27,"aiter::fmha_fwd_hd128_bf16",512,163840,0,128,0,112,"TCP_TOTAL_CACHE_ACCESSES_sum",2337275904.000000,2911788774195292,2911788809384742
44,44,"Agent 2",1,18927,18927,134217728,132,"void at::native::vectorized_elementwise_kernel<8, at::native::FillFunctor<c10::BFloat16>, std::array<char*, 1ul> >(int, at::native::FillFunctor<c10::BFloat16>, std::array<char*, 1ul>)",256,0,0,8,0,16,"TCP_TOTAL_CACHE_ACCESSES_sum",167772160.000000,2911788817382342,2911788817887463
45,45,"Agent 2",1,18927,18927,16777216,196,"void attend_ker<128>(attn_globals<128>)",512,0,0,120,0,64,"TCP_TOTAL_CACHE_ACCESSES_sum",5771362304.000000,2911788818407397,2911788856887293
46,46,"Agent 2",1,18927,18927,16777216,196,"void attend_ker<128>(attn_globals<128>)",512,0,0,120,0,64,"TCP_TOTAL_CACHE_ACCESSES_sum",5771362304.000000,2911788856988444,2911788893707932
47,47,"Agent 2",1,18927,18927,16777216,196,"void attend_ker<128>(attn_globals<128>)",512,0,0,120,0,64,"TCP_TOTAL_CACHE_ACCESSES_sum",5771362304.000000,2911788893803111,2911788930561421
48,48,"Agent 2",1,18927,18927,16777216,196,"void attend_ker<128>(attn_globals<128>)",512,0,0,120,0,64,"TCP_TOTAL_CACHE_ACCESSES_sum",5771362304.000000,2911788930654176,2911788967453786
49,49,"Agent 2",1,18927,18927,16777216,196,"void attend_ker<128>(attn_globals<128>)",512,0,0,120,0,64,"TCP_TOTAL_CACHE_ACCESSES_sum",5771362304.000000,2911788967546609,2911789004466003
50,50,"Agent 2",1,18927,18927,16777216,196,"void attend_ker<128>(attn_globals<128>)",512,0,0,120,0,64,"TCP_TOTAL_CACHE_ACCESSES_sum",5771362304.000000,2911789004555559,2911789041366364
51,51,"Agent 2",1,18927,18927,16777216,196,"void attend_ker<128>(attn_globals<128>)",512,0,0,120,0,64,"TCP_TOTAL_CACHE_ACCESSES_sum",5771362304.000000,2911789041459888,2911789078320750
52,52,"Agent 2",1,18927,18927,16777216,196,"void attend_ker<128>(attn_globals<128>)",512,0,0,120,0,64,"TCP_TOTAL_CACHE_ACCESSES_sum",5771362304.000000,2911789078602136,2911789115802798
53,53,"Agent 2",1,18927,18927,16777216,196,"void attend_ker<128>(attn_globals<128>)",512,0,0,120,0,64,"TCP_TOTAL_CACHE_ACCESSES_sum",5771362304.000000,2911789115915124,2911789152843833
54,54,"Agent 2",1,18927,18927,16777216,196,"void attend_ker<128>(attn_globals<128>)",512,0,0,120,0,64,"TCP_TOTAL_CACHE_ACCESSES_sum",5771362304.000000,2911789152943545,2911789189797410
55,55,"Agent 2",1,18927,18927,16777216,196,"void attend_ker<128>(attn_globals<128>)",512,0,0,120,0,64,"TCP_TOTAL_CACHE_ACCESSES_sum",5771362304.000000,2911789189900111,2911789226585057
56,56,"Agent 2",1,18927,18927,16777216,196,"void attend_ker<128>(attn_globals<128>)",512,0,0,120,0,64,"TCP_TOTAL_CACHE_ACCESSES_sum",5771362304.000000,2911789226688607,2911789263590090
57,57,"Agent 2",1,18927,18927,16777216,196,"void attend_ker<128>(attn_globals<128>)",512,0,0,120,0,64,"TCP_TOTAL_CACHE_ACCESSES_sum",5771362304.000000,2911789263693973,2911789300634796
58,58,"Agent 2",1,18927,18927,16777216,196,"void attend_ker<128>(attn_globals<128>)",512,0,0,120,0,64,"TCP_TOTAL_CACHE_ACCESSES_sum",5771362304.000000,2911789300736227,2911789337589253
59,59,"Agent 2",1,18927,18927,16777216,196,"void attend_ker<128>(attn_globals<128>)",512,0,0,120,0,64,"TCP_TOTAL_CACHE_ACCESSES_sum",5771362304.000000,2911789337682381,2911789374614611
60,60,"Agent 2",1,18927,18927,16777216,196,"void attend_ker<128>(attn_globals<128>)",512,0,0,120,0,64,"TCP_TOTAL_CACHE_ACCESSES_sum",5771362304.000000,2911789374705047,2911789411639676
61,61,"Agent 2",1,18927,18927,16777216,196,"void attend_ker<128>(attn_globals<128>)",512,0,0,120,0,64,"TCP_TOTAL_CACHE_ACCESSES_sum",5771362304.000000,2911789411733150,2911789448673935
62,62,"Agent 2",1,18927,18927,16777216,196,"void attend_ker<128>(attn_globals<128>)",512,0,0,120,0,64,"TCP_TOTAL_CACHE_ACCESSES_sum",5771362304.000000,2911789448770529,2911789485593409
63,63,"Agent 2",1,18927,18927,16777216,196,"void attend_ker<128>(attn_globals<128>)",512,0,0,120,0,64,"TCP_TOTAL_CACHE_ACCESSES_sum",5771362304.000000,2911789485686581,2911789522546684
64,64,"Agent 2",1,18927,18927,16777216,196,"void attend_ker<128>(attn_globals<128>)",512,0,0,120,0,64,"TCP_TOTAL_CACHE_ACCESSES_sum",5771362304.000000,2911789522654752,2911789559491387
65,65,"Agent 2",1,18927,18927,16777216,196,"void attend_ker<128>(attn_globals<128>)",512,0,0,120,0,64,"TCP_TOTAL_CACHE_ACCESSES_sum",5771362304.000000,2911789559708715,2911789596496774
66,66,"Agent 2",1,18927,18927,16777216,196,"void attend_ker<128>(attn_globals<128>)",512,0,0,120,0,64,"TCP_TOTAL_CACHE_ACCESSES_sum",5771362304.000000,2911789596635787,2911789633507726
67,67,"Agent 2",1,18927,18927,16777216,196,"void attend_ker<128>(attn_globals<128>)",512,0,0,120,0,64,"TCP_TOTAL_CACHE_ACCESSES_sum",5771362304.000000,2911789633633889,2911789670357578
68,68,"Agent 2",1,18927,18927,16777216,196,"void attend_ker<128>(attn_globals<128>)",512,0,0,120,0,64,"TCP_TOTAL_CACHE_ACCESSES_sum",5771362304.000000,2911789670484637,2911789707400635
69,69,"Agent 2",1,18927,18927,16777216,196,"void attend_ker<128>(attn_globals<128>)",512,0,0,120,0,64,"TCP_TOTAL_CACHE_ACCESSES_sum",5771362304.000000,2911789707524195,2911789744389017
70,70,"Agent 2",1,18927,18927,16777216,196,"void attend_ker<128>(attn_globals<128>)",512,0,0,120,0,64,"TCP_TOTAL_CACHE_ACCESSES_sum",5771362304.000000,2911789744530269,2911789781377219
71,71,"Agent 2",1,18927,18927,16777216,196,"void attend_ker<128>(attn_globals<128>)",512,0,0,120,0,64,"TCP_TOTAL_CACHE_ACCESSES_sum",5771362304.000000,2911789781501115,2911789818284773
72,72,"Agent 2",1,18927,18927,16777216,196,"void attend_ker<128>(attn_globals<128>)",512,0,0,120,0,64,"TCP_TOTAL_CACHE_ACCESSES_sum",5771362304.000000,2911789818410433,2911789855245748
73,73,"Agent 2",1,18927,18927,16777216,196,"void attend_ker<128>(attn_globals<128>)",512,0,0,120,0,64,"TCP_TOTAL_CACHE_ACCESSES_sum",5771362304.000000,2911789855371909,2911789892276232
74,74,"Agent 2",1,18927,18927,16777216,196,"void attend_ker<128>(attn_globals<128>)",512,0,0,120,0,64,"TCP_TOTAL_CACHE_ACCESSES_sum",5771362304.000000,2911789892400373,2911789929418962
75,75,"Agent 2",1,18927,18927,16777216,196,"void attend_ker<128>(attn_globals<128>)",512,0,0,120,0,64,"TCP_TOTAL_CACHE_ACCESSES_sum",5771362304.000000,2911789929558683,2911789966345543
76,76,"Agent 2",1,18927,18927,16777216,196,"void attend_ker<128>(attn_globals<128>)",512,0,0,120,0,64,"TCP_TOTAL_CACHE_ACCESSES_sum",5771362304.000000,2911789966468643,2911790003411789
77,77,"Agent 2",1,18927,18927,16777216,196,"void attend_ker<128>(attn_globals<128>)",512,0,0,120,0,64,"TCP_TOTAL_CACHE_ACCESSES_sum",5771362304.000000,2911790003541547,2911790040305857
78,78,"Agent 2",1,18927,18927,16777216,196,"void attend_ker<128>(attn_globals<128>)",512,0,0,120,0,64,"TCP_TOTAL_CACHE_ACCESSES_sum",5771362304.000000,2911790040436434,2911790077264713
79,79,"Agent 2",1,18927,18927,16777216,196,"void attend_ker<128>(attn_globals<128>)",512,0,0,120,0,64,"TCP_TOTAL_CACHE_ACCESSES_sum",5771362304.000000,2911790077385422,2911790114440953
80,80,"Agent 2",1,18927,18927,16777216,196,"void attend_ker<128>(attn_globals<128>)",512,0,0,120,0,64,"TCP_TOTAL_CACHE_ACCESSES_sum",5771362304.000000,2911790114573090,2911790151473735
81,81,"Agent 2",1,18927,18927,16777216,196,"void attend_ker<128>(attn_globals<128>)",512,0,0,120,0,64,"TCP_TOTAL_CACHE_ACCESSES_sum",5771362304.000000,2911790151612961,2911790188348525
82,82,"Agent 2",1,18927,18927,16777216,196,"void attend_ker<128>(attn_globals<128>)",512,0,0,120,0,64,"TCP_TOTAL_CACHE_ACCESSES_sum",5771362304.000000,2911790188472665,2911790225331970
83,83,"Agent 2",1,18927,18927,16777216,196,"void attend_ker<128>(attn_globals<128>)",512,0,0,120,0,64,"TCP_TOTAL_CACHE_ACCESSES_sum",5771362304.000000,2911790225455433,2911790262309579
84,84,"Agent 2",1,18927,18927,16777216,196,"void attend_ker<128>(attn_globals<128>)",512,0,0,120,0,64,"TCP_TOTAL_CACHE_ACCESSES_sum",5771362304.000000,2911790262433799,2911790299192310
85,85,"Agent 2",1,18927,18927,134217728,529,"void at::native::elementwise_kernel_manual_unroll<128, 4, at::native::gpu_kernel_impl<at::native::direct_copy_kernel_cuda(at::TensorIteratorBase&)::{lambda()#3}::operator()() const::{lambda()#7}::operator()() const::{lambda(float)#1}>(at::TensorIteratorBase&, at::native::direct_copy_kernel_cuda(at::TensorIteratorBase&)::{lambda()#3}::operator()() const::{lambda()#7}::operator()() const::{lambda(float)#1} const&)::{lambda(int, bool)#1}>(int, at::native::gpu_kernel_impl<at::native::direct_copy_kernel_cuda(at::TensorIteratorBase&)::{lambda()#3}::operator()() const::{lambda()#7}::operator()() const::{lambda(float)#1}>(at::TensorIteratorBase&, at::native::direct_copy_kernel_cuda(at::TensorIteratorBase&)::{lambda()#3}::operator()() const::{lambda()#7}::operator()() const::{lambda(float)#1} const&)::{lambda(int, bool)#1})",128,0,0,12,0,64,"TCP_TOTAL_CACHE_ACCESSES_sum",100663296.000000,2911790320013412,2911790321517501
86,86,"Agent 2",1,18927,18927,134217728,529,"void at::native::elementwise_kernel_manual_unroll<128, 4, at::native::gpu_kernel_impl<at::native::direct_copy_kernel_cuda(at::TensorIteratorBase&)::{lambda()#3}::operator()() const::{lambda()#7}::operator()() const::{lambda(float)#1}>(at::TensorIteratorBase&, at::native::direct_copy_kernel_cuda(at::TensorIteratorBase&)::{lambda()#3}::operator()() const::{lambda()#7}::operator()() const::{lambda(float)#1} const&)::{lambda(int, bool)#1}>(int, at::native::gpu_kernel_impl<at::native::direct_copy_kernel_cuda(at::TensorIteratorBase&)::{lambda()#3}::operator()() const::{lambda()#7}::operator()() const::{lambda(float)#1}>(at::TensorIteratorBase&, at::native::direct_copy_kernel_cuda(at::TensorIteratorBase&)::{lambda()#3}::operator()() const::{lambda()#7}::operator()() const::{lambda(float)#1} const&)::{lambda(int, bool)#1})",128,0,0,12,0,64,"TCP_TOTAL_CACHE_ACCESSES_sum",100663296.000000,2911790321592066,2911790323140894
87,87,"Agent 2",1,18927,18927,134217728,529,"void at::native::elementwise_kernel_manual_unroll<128, 4, at::native::gpu_kernel_impl<at::native::direct_copy_kernel_cuda(at::TensorIteratorBase&)::{lambda()#3}::operator()() const::{lambda()#7}::operator()() const::{lambda(float)#1}>(at::TensorIteratorBase&, at::native::direct_copy_kernel_cuda(at::TensorIteratorBase&)::{lambda()#3}::operator()() const::{lambda()#7}::operator()() const::{lambda(float)#1} const&)::{lambda(int, bool)#1}>(int, at::native::gpu_kernel_impl<at::native::direct_copy_kernel_cuda(at::TensorIteratorBase&)::{lambda()#3}::operator()() const::{lambda()#7}::operator()() const::{lambda(float)#1}>(at::TensorIteratorBase&, at::native::direct_copy_kernel_cuda(at::TensorIteratorBase&)::{lambda()#3}::operator()() const::{lambda()#7}::operator()() const::{lambda(float)#1} const&)::{lambda(int, bool)#1})",128,0,0,12,0,64,"TCP_TOTAL_CACHE_ACCESSES_sum",100663296.000000,2911790323213580,2911790324768045
88,88,"Agent 2",1,18927,18927,134217728,529,"void at::native::elementwise_kernel_manual_unroll<128, 4, at::native::gpu_kernel_impl<at::native::direct_copy_kernel_cuda(at::TensorIteratorBase&)::{lambda()#3}::operator()() const::{lambda()#7}::operator()() const::{lambda(float)#1}>(at::TensorIteratorBase&, at::native::direct_copy_kernel_cuda(at::TensorIteratorBase&)::{lambda()#3}::operator()() const::{lambda()#7}::operator()() const::{lambda(float)#1} const&)::{lambda(int, bool)#1}>(int, at::native::gpu_kernel_impl<at::native::direct_copy_kernel_cuda(at::TensorIteratorBase&)::{lambda()#3}::operator()() const::{lambda()#7}::operator()() const::{lambda(float)#1}>(at::TensorIteratorBase&, at::native::direct_copy_kernel_cuda(at::TensorIteratorBase&)::{lambda()#3}::operator()() const::{lambda()#7}::operator()() const::{lambda(float)#1} const&)::{lambda(int, bool)#1})",128,0,0,12,0,64,"TCP_TOTAL_CACHE_ACCESSES_sum",100663296.000000,2911790324840282,2911790326364482
89,89,"Agent 2",1,18927,18927,134217728,804,"void at::native::vectorized_elementwise_kernel<4, at::native::CUDAFunctor_add<float>, std::array<char*, 3ul> >(int, at::native::CUDAFunctor_add<float>, std::array<char*, 3ul>)",256,0,0,8,0,32,"TCP_TOTAL_CACHE_ACCESSES_sum",100663296.000000,2911790337649728,2911790338741852
90,90,"Agent 2",1,18927,18927,134217728,804,"void at::native::vectorized_elementwise_kernel<4, at::native::CUDAFunctor_add<float>, std::array<char*, 3ul> >(int, at::native::CUDAFunctor_add<float>, std::array<char*, 3ul>)",256,0,0,8,0,32,"TCP_TOTAL_CACHE_ACCESSES_sum",100663296.000000,2911790338810659,2911790339889829
91,91,"Agent 2",1,18927,18927,256,26,"__amd_rocclr_fillBufferAligned",256,0,0,8,0,48,"TCP_TOTAL_CACHE_ACCESSES_sum",2.000000,2911790339964034,2911790339966833
92,92,"Agent 2",1,18927,18927,131072,876,"void at::native::reduce_kernel<512, 1, at::native::ReduceOp<float, at::native::func_wrapper_t<float, at::native::MaxNanFunctor<float> >, unsigned int, float, 4, 4> >(at::native::ReduceOp<float, at::native::func_wrapper_t<float, at::native::MaxNanFunctor<float> >, unsigned int, float, 4, 4>)",512,512,48,16,0,80,"TCP_TOTAL_CACHE_ACCESSES_sum",33555025.000000,2911790343557896,2911790344202112
93,93,"Agent 2",1,18927,18927,256,26,"__amd_rocclr_fillBufferAligned",256,0,0,8,0,48,"TCP_TOTAL_CACHE_ACCESSES_sum",2.000000,2911790344272638,2911790344275157
94,94,"Agent 2",1,18927,18927,131072,876,"void at::native::reduce_kernel<512, 1, at::native::ReduceOp<float, at::native::func_wrapper_t<float, at::native::MaxNanFunctor<float> >, unsigned int, float, 4, 4> >(at::native::ReduceOp<float, at::native::func_wrapper_t<float, at::native::MaxNanFunctor<float> >, unsigned int, float, 4, 4>)",512,512,48,16,0,80,"TCP_TOTAL_CACHE_ACCESSES_sum",33555026.000000,2911790344341806,2911790344989140
95,95,"Agent 2",1,18927,18927,512,23,"__amd_rocclr_copyBuffer",512,0,0,8,0,32,"TCP_TOTAL_CACHE_ACCESSES_sum",8.000000,2911790345058747,2911790345062145
96,96,"Agent 2",1,18927,18927,256,26,"__amd_rocclr_fillBufferAligned",256,0,0,8,0,48,"TCP_TOTAL_CACHE_ACCESSES_sum",2.000000,2911790345241101,2911790345243340
97,97,"Agent 2",1,18927,18927,131072,954,"void at::native::reduce_kernel<512, 1, at::native::ReduceOp<float, at::native::MeanOps<float, float, float, float>, unsigned int, float, 4, 4> >(at::native::ReduceOp<float, at::native::MeanOps<float, float, float, float>, unsigned int, float, 4, 4>)",512,512,48,16,0,80,"TCP_TOTAL_CACHE_ACCESSES_sum",33555025.000000,2911790349925977,2911790350543405
98,98,"Agent 2",1,18927,18927,256,26,"__amd_rocclr_fillBufferAligned",256,0,0,8,0,48,"TCP_TOTAL_CACHE_ACCESSES_sum",2.000000,2911790350613012,2911790350615491
99,99,"Agent 2",1,18927,18927,131072,954,"void at::native::reduce_kernel<512, 1, at::native::ReduceOp<float, at::native::MeanOps<float, float, float, float>, unsigned int, float, 4, 4> >(at::native::ReduceOp<float, at::native::MeanOps<float, float, float, float>, unsigned int, float, 4, 4>)",512,512,48,16,0,80,"TCP_TOTAL_CACHE_ACCESSES_sum",33555026.000000,2911790350684458,2911790351303166
100,100,"Agent 2",1,18927,18927,512,23,"__amd_rocclr_copyBuffer",512,0,0,8,0,32,"TCP_TOTAL_CACHE_ACCESSES_sum",8.000000,2911790351379410,2911790351382009
101,101,"Agent 2",1,18927,18927,33554432,1075,"void at::native::vectorized_elementwise_kernel<4, at::native::compare_scalar_kernel<float>(at::TensorIteratorBase&, at::native::(anonymous namespace)::OpType, float)::{lambda(float)#1}, std::array<char*, 2ul> >(int, at::native::compare_scalar_kernel<float>(at::TensorIteratorBase&, at::native::(anonymous namespace)::OpType, float)::{lambda(float)#1}, std::array<char*, 2ul>)",256,0,0,12,0,64,"TCP_TOTAL_CACHE_ACCESSES_sum",41943040.000000,2911790361549284,2911790362016263
102,102,"Agent 2",1,18927,18927,33554432,1075,"void at::native::vectorized_elementwise_kernel<4, at::native::compare_scalar_kernel<float>(at::TensorIteratorBase&, at::native::(anonymous namespace)::OpType, float)::{lambda(float)#1}, std::array<char*, 2ul> >(int, at::native::compare_scalar_kernel<float>(at::TensorIteratorBase&, at::native::(anonymous namespace)::OpType, float)::{lambda(float)#1}, std::array<char*, 2ul>)",256,0,0,12,0,64,"TCP_TOTAL_CACHE_ACCESSES_sum",41943040.000000,2911790362087510,2911790362572480
103,103,"Agent 2",1,18927,18927,67108864,363,"void at::native::elementwise_kernel_manual_unroll<128, 4, at::native::gpu_kernel_impl<at::native::direct_copy_kernel_cuda(at::TensorIteratorBase&)::{lambda()#3}::operator()() const::{lambda()#4}::operator()() const::{lambda(long)#1}>(at::TensorIteratorBase&, at::native::direct_copy_kernel_cuda(at::TensorIteratorBase&)::{lambda()#3}::operator()() const::{lambda()#4}::operator()() const::{lambda(long)#1} const&)::{lambda(int, bool)#1}>(int, at::native::gpu_kernel_impl<at::native::direct_copy_kernel_cuda(at::TensorIteratorBase&)::{lambda()#3}::operator()() const::{lambda()#4}::operator()() const::{lambda(long)#1}>(at::TensorIteratorBase&, at::native::direct_copy_kernel_cuda(at::TensorIteratorBase&)::{lambda()#3}::operator()() const::{lambda()#4}::operator()() const::{lambda(long)#1} const&)::{lambda(int, bool)#1})",128,0,0,12,0,64,"TCP_TOTAL_CACHE_ACCESSES_sum",100663296.000000,2911790362641808,2911790363535785
104,104,"Agent 2",1,18927,18927,67108864,363,"void at::native::elementwise_kernel_manual_unroll<128, 4, at::native::gpu_kernel_impl<at::native::direct_copy_kernel_cuda(at::TensorIteratorBase&)::{lambda()#3}::operator()() const::{lambda()#4}::operator()() const::{lambda(long)#1}>(at::TensorIteratorBase&, at::native::direct_copy_kernel_cuda(at::TensorIteratorBase&)::{lambda()#3}::operator()() const::{lambda()#4}::operator()() const::{lambda(long)#1} const&)::{lambda(int, bool)#1}>(int, at::native::gpu_kernel_impl<at::native::direct_copy_kernel_cuda(at::TensorIteratorBase&)::{lambda()#3}::operator()() const::{lambda()#4}::operator()() const::{lambda(long)#1}>(at::TensorIteratorBase&, at::native::direct_copy_kernel_cuda(at::TensorIteratorBase&)::{lambda()#3}::operator()() const::{lambda()#4}::operator()() const::{lambda(long)#1} const&)::{lambda(int, bool)#1})",128,0,0,12,0,64,"TCP_TOTAL_CACHE_ACCESSES_sum",100663296.000000,2911790363606392,2911790364533674
105,105,"Agent 2",1,18927,18927,67108864,363,"void at::native::elementwise_kernel_manual_unroll<128, 4, at::native::gpu_kernel_impl<at::native::direct_copy_kernel_cuda(at::TensorIteratorBase&)::{lambda()#3}::operator()() const::{lambda()#4}::operator()() const::{lambda(long)#1}>(at::TensorIteratorBase&, at::native::direct_copy_kernel_cuda(at::TensorIteratorBase&)::{lambda()#3}::operator()() const::{lambda()#4}::operator()() const::{lambda(long)#1} const&)::{lambda(int, bool)#1}>(int, at::native::gpu_kernel_impl<at::native::direct_copy_kernel_cuda(at::TensorIteratorBase&)::{lambda()#3}::operator()() const::{lambda()#4}::operator()() const::{lambda(long)#1}>(at::TensorIteratorBase&, at::native::direct_copy_kernel_cuda(at::TensorIteratorBase&)::{lambda()#3}::operator()() const::{lambda()#4}::operator()() const::{lambda(long)#1} const&)::{lambda(int, bool)#1})",128,0,0,12,0,64,"TCP_TOTAL_CACHE_ACCESSES_sum",100663296.000000,2911790364605560,2911790365535840
106,106,"Agent 2",1,18927,18927,67108864,363,"void at::native::elementwise_kernel_manual_unroll<128, 4, at::native::gpu_kernel_impl<at::native::direct_copy_kernel_cuda(at::TensorIteratorBase&)::{lambda()#3}::operator()() const::{lambda()#4}::operator()() const::{lambda(long)#1}>(at::TensorIteratorBase&, at::native::direct_copy_kernel_cuda(at::TensorIteratorBase&)::{lambda()#3}::operator()() const::{lambda()#4}::operator()() const::{lambda(long)#1} const&)::{lambda(int, bool)#1}>(int, at::native::gpu_kernel_impl<at::native::direct_copy_kernel_cuda(at::TensorIteratorBase&)::{lambda()#3}::operator()() const::{lambda()#4}::operator()() const::{lambda(long)#1}>(at::TensorIteratorBase&, at::native::direct_copy_kernel_cuda(at::TensorIteratorBase&)::{lambda()#3}::operator()() const::{lambda()#4}::operator()() const::{lambda(long)#1} const&)::{lambda(int, bool)#1})",128,0,0,12,0,64,"TCP_TOTAL_CACHE_ACCESSES_sum",100663296.000000,2911790365606527,2911790366524373
107,107,"Agent 2",1,18927,18927,256,26,"__amd_rocclr_fillBufferAligned",256,0,0,8,0,48,"TCP_TOTAL_CACHE_ACCESSES_sum",2.000000,2911790366594620,2911790366597578
108,108,"Agent 2",1,18927,18927,131072,1216,"void at::native::reduce_kernel<512, 1, at::native::ReduceOp<long, at::native::func_wrapper_t<long, at::native::sum_functor<long, long, long>::operator()(at::TensorIterator&)::{lambda(long, long)#2}>, unsigned int, long, 4, 4> >(at::native::ReduceOp<long, at::native::func_wrapper_t<long, at::native::sum_functor<long, long, long>::operator()(at::TensorIterator&)::{lambda(long, long)#2}>, unsigned int, long, 4, 4>)",512,512,80,20,0,80,"TCP_TOTAL_CACHE_ACCESSES_sum",33555073.000000,2911790369743661,2911790370206203
109,109,"Agent 2",1,18927,18927,256,26,"__amd_rocclr_fillBufferAligned",256,0,0,8,0,48,"TCP_TOTAL_CACHE_ACCESSES_sum",2.000000,2911790370289404,2911790370291483
110,110,"Agent 2",1,18927,18927,131072,1216,"void at::native::reduce_kernel<512, 1, at::native::ReduceOp<long, at::native::func_wrapper_t<long, at::native::sum_functor<long, long, long>::operator()(at::TensorIterator&)::{lambda(long, long)#2}>, unsigned int, long, 4, 4> >(at::native::ReduceOp<long, at::native::func_wrapper_t<long, at::native::sum_functor<long, long, long>::operator()(at::TensorIterator&)::{lambda(long, long)#2}>, unsigned int, long, 4, 4>)",512,512,80,20,0,80,"TCP_TOTAL_CACHE_ACCESSES_sum",33555074.000000,2911790370371085,2911790370807479
111,111,"Agent 2",1,18927,18927,256,26,"__amd_rocclr_fillBufferAligned",256,0,0,8,0,48,"TCP_TOTAL_CACHE_ACCESSES_sum",2.000000,2911790370877006,2911790370879245
112,112,"Agent 2",1,18927,18927,131072,1216,"void at::native::reduce_kernel<512, 1, at::native::ReduceOp<long, at::native::func_wrapper_t<long, at::native::sum_functor<long, long, long>::operator()(at::TensorIterator&)::{lambda(long, long)#2}>, unsigned int, long, 4, 4> >(at::native::ReduceOp<long, at::native::func_wrapper_t<long, at::native::sum_functor<long, long, long>::operator()(at::TensorIterator&)::{lambda(long, long)#2}>, unsigned int, long, 4, 4>)",512,512,80,20,0,80,"TCP_TOTAL_CACHE_ACCESSES_sum",33555074.000000,2911790370948852,2911790371383367
113,113,"Agent 2",1,18927,18927,256,26,"__amd_rocclr_fillBufferAligned",256,0,0,8,0,48,"TCP_TOTAL_CACHE_ACCESSES_sum",2.000000,2911790371453374,2911790371455413
114,114,"Agent 2",1,18927,18927,131072,1216,"void at::native::reduce_kernel<512, 1, at::native::ReduceOp<long, at::native::func_wrapper_t<long, at::native::sum_functor<long, long, long>::operator()(at::TensorIterator&)::{lambda(long, long)#2}>, unsigned int, long, 4, 4> >(at::native::ReduceOp<long, at::native::func_wrapper_t<long, at::native::sum_functor<long, long, long>::operator()(at::TensorIterator&)::{lambda(long, long)#2}>, unsigned int, long, 4, 4>)",512,512,80,20,0,80,"TCP_TOTAL_CACHE_ACCESSES_sum",33555074.000000,2911790371524100,2911790371980285
115,115,"Agent 2",1,18927,18927,512,23,"__amd_rocclr_copyBuffer",512,0,0,8,0,32,"TCP_TOTAL_CACHE_ACCESSES_sum",16.000000,2911790372049092,2911790372052650
116,116,"Agent 2",1,18927,18927,128,528,"void at::native::elementwise_kernel_manual_unroll<128, 4, at::native::gpu_kernel_impl_nocast<at::native::direct_copy_kernel_cuda(at::TensorIteratorBase&)::{lambda()#3}::operator()() const::{lambda()#7}::operator()() const::{lambda(float)#1}>(at::TensorIteratorBase&, at::native::direct_copy_kernel_cuda(at::TensorIteratorBase&)::{lambda()#3}::operator()() const::{lambda()#7}::operator()() const::{lambda(float)#1} const&)::{lambda(int, bool)#1}>(int, at::native::gpu_kernel_impl_nocast<at::native::direct_copy_kernel_cuda(at::TensorIteratorBase&)::{lambda()#3}::operator()() const::{lambda()#7}::operator()() const::{lambda(float)#1}>(at::TensorIteratorBase&, at::native::direct_copy_kernel_cuda(at::TensorIteratorBase&)::{lambda()#3}::operator()() const::{lambda()#7}::operator()() const::{lambda(float)#1} const&)::{lambda(int, bool)#1})",128,0,0,12,0,64,"TCP_TOTAL_CACHE_ACCESSES_sum",4.000000,2911790373142395,2911790373145074
117,117,"Agent 2",1,18927,18927,256,1292,"void at::native::vectorized_elementwise_kernel<4, at::native::AbsFunctor<float>, std::array<char*, 2ul> >(int, at::native::AbsFunctor<float>, std::array<char*, 2ul>)",256,0,0,8,0,32,"TCP_TOTAL_CACHE_ACCESSES_sum",4.000000,2911790377557759,2911790377559998
118,118,"Agent 2",1,18927,18927,256,1433,"void at::native::vectorized_elementwise_kernel<4, at::native::AUnaryFunctor<float, float, bool, at::native::(anonymous namespace)::CompareEqFunctor<float> >, std::array<char*, 2ul> >(int, at::native::AUnaryFunctor<float, float, bool, at::native::(anonymous namespace)::CompareEqFunctor<float> >, std::array<char*, 2ul>)",256,0,0,12,0,32,"TCP_TOTAL_CACHE_ACCESSES_sum",4.000000,2911790399373713,2911790399376631
119,119,"Agent 2",1,18927,18927,256,1413,"void at::native::vectorized_elementwise_kernel<4, at::native::BinaryFunctor<float, float, bool, at::native::(anonymous namespace)::CompareEqFunctor<float> >, std::array<char*, 3ul> >(int, at::native::BinaryFunctor<float, float, bool, at::native::(anonymous namespace)::CompareEqFunctor<float> >, std::array<char*, 3ul>)",256,0,0,20,0,32,"TCP_TOTAL_CACHE_ACCESSES_sum",6.000000,2911790399453234,2911790399456593
120,120,"Agent 2",1,18927,18927,256,1742,"void at::native::vectorized_elementwise_kernel<16, at::native::BinaryFunctor<bool, bool, bool, at::native::binary_internal::MulFunctor<bool> >, std::array<char*, 3ul> >(int, at::native::BinaryFunctor<bool, bool, bool, at::native::binary_internal::MulFunctor<bool> >, std::array<char*, 3ul>)",256,0,0,20,0,80,"TCP_TOTAL_CACHE_ACCESSES_sum",6.000000,2911790410896508,2911790410899267
121,121,"Agent 2",1,18927,18927,256,1433,"void at::native::vectorized_elementwise_kernel<4, at::native::AUnaryFunctor<float, float, bool, at::native::(anonymous namespace)::CompareEqFunctor<float> >, std::array<char*, 2ul> >(int, at::native::AUnaryFunctor<float, float, bool, at::native::(anonymous namespace)::CompareEqFunctor<float> >, std::array<char*, 2ul>)",256,0,0,12,0,32,"TCP_TOTAL_CACHE_ACCESSES_sum",4.000000,2911790411011374,2911790411014212
122,122,"Agent 2",1,18927,18927,256,1944,"void at::native::vectorized_elementwise_kernel<16, at::native::BinaryFunctor<bool, bool, bool, at::native::BitwiseAndFunctor<bool> >, std::array<char*, 3ul> >(int, at::native::BinaryFunctor<bool, bool, bool, at::native::BitwiseAndFunctor<bool> >, std::array<char*, 3ul>)",256,0,0,20,0,80,"TCP_TOTAL_CACHE_ACCESSES_sum",6.000000,2911790425929256,2911790425931655
123,123,"Agent 2",1,18927,18927,256,2472,"void rocprim::ROCPRIM_300400_NS::detail::block_reduce_kernel<true, false, 16u, rocprim::ROCPRIM_300400_NS::detail::wrapped_reduce_config<rocprim::ROCPRIM_300400_NS::default_config, int>, int, hipcub::HIPCUB_300500_NS::TransformInputIterator<bool, at::native::(anonymous namespace)::NonZeroOp<bool>, bool const*, long>, int*, int, hipcub::HIPCUB_300500_NS::detail::convert_binary_result_type_wrapper<int, hipcub::HIPCUB_300500_NS::TransformInputIterator<bool, at::native::(anonymous namespace)::NonZeroOp<bool>, bool const*, long>, int*, hipcub::HIPCUB_300500_NS::Sum> >(hipcub::HIPCUB_300500_NS::TransformInputIterator<bool, at::native::(anonymous namespace)::NonZeroOp<bool>, bool const*, long>, unsigned long, int*, int, hipcub::HIPCUB_300500_NS::detail::convert_binary_result_type_wrapper<int, hipcub::HIPCUB_300500_NS::TransformInputIterator<bool, at::native::(anonymous namespace)::NonZeroOp<bool>, bool const*, long>, int*, hipcub::HIPCUB_300500_NS::Sum>)",256,512,0,4,0,32,"TCP_TOTAL_CACHE_ACCESSES_sum",3.000000,2911790445689420,2911790445691419
124,124,"Agent 2",1,18927,18927,512,23,"__amd_rocclr_copyBuffer",512,0,0,8,0,32,"TCP_TOTAL_CACHE_ACCESSES_sum",8.000000,2911790445761226,2911790445764265
125,125,"Agent 2",1,18927,18927,256,26,"__amd_rocclr_fillBufferAligned",256,0,0,8,0,48,"TCP_TOTAL_CACHE_ACCESSES_sum",2.000000,2911790445887687,2911790445889806
126,126,"Agent 2",1,18927,18927,256,26,"__amd_rocclr_fillBufferAligned",256,0,0,8,0,48,"TCP_TOTAL_CACHE_ACCESSES_sum",2.000000,2911790445960772,2911790445962891
127,127,"Agent 2",1,18927,18927,256,2506,"void rocprim::ROCPRIM_300400_NS::detail::init_lookback_scan_state_kernel<rocprim::ROCPRIM_300400_NS::detail::lookback_scan_state<unsigned int, false, true> const>(rocprim::ROCPRIM_300400_NS::detail::lookback_scan_state<unsigned int, false, true> const, unsigned int, unsigned int, rocprim::ROCPRIM_300400_NS::detail::lookback_scan_state<unsigned int, false, true> const::value_type*)",256,0,0,4,0,16,"TCP_TOTAL_CACHE_ACCESSES_sum",17.000000,2911790449157402,2911790449158841
128,128,"Agent 2",1,18927,18927,128,2398,"void rocprim::ROCPRIM_300400_NS::detail::partition_kernel<(rocprim::ROCPRIM_300400_NS::detail::select_method)0, true, rocprim::ROCPRIM_300400_NS::detail::wrapped_partition_config<rocprim::ROCPRIM_300400_NS::default_config, (rocprim::ROCPRIM_300400_NS::detail::partition_subalgo)5, long, rocprim::ROCPRIM_300400_NS::empty_type>, hipcub::HIPCUB_300500_NS::CountingInputIterator<long, long>, rocprim::ROCPRIM_300400_NS::empty_type*, hipcub::HIPCUB_300500_NS::TransformInputIterator<bool, at::native::(anonymous namespace)::NonZeroOp<bool>, bool const*, long>, rocprim::ROCPRIM_300400_NS::tuple<long*, rocprim::ROCPRIM_300400_NS::empty_type>, rocprim::ROCPRIM_300400_NS::tuple<rocprim::ROCPRIM_300400_NS::empty_type*, rocprim::ROCPRIM_300400_NS::empty_type*>, rocprim::ROCPRIM_300400_NS::empty_type, rocprim::ROCPRIM_300400_NS::detail::lookback_scan_state<unsigned int, false, true>, rocprim::ROCPRIM_300400_NS::empty_type>(hipcub::HIPCUB_300500_NS::CountingInputIterator<long, long>, rocprim::ROCPRIM_300400_NS::empty_type*, hipcub::HIPCUB_300500_NS::TransformInputIterator<bool, at::native::(anonymous namespace)::NonZeroOp<bool>, bool const*, long>, rocprim::ROCPRIM_300400_NS::tuple<long*, rocprim::ROCPRIM_300400_NS::empty_type>, rocprim::ROCPRIM_300400_NS::tuple<rocprim::ROCPRIM_300400_NS::empty_type*, rocprim::ROCPRIM_300400_NS::empty_type*>, unsigned long*, unsigned long*, unsigned long, unsigned long, rocprim::ROCPRIM_300400_NS::empty_type, rocprim::ROCPRIM_300400_NS::detail::lookback_scan_state<unsigned int, false, true>, unsigned int, rocprim::ROCPRIM_300400_NS::detail::vsmem_t, rocprim::ROCPRIM_300400_NS::empty_type)",128,7680,0,28,0,48,"TCP_TOTAL_CACHE_ACCESSES_sum",22.000000,2911790449228288,2911790449231287
129,129,"Agent 2",1,18927,18927,128,2289,"void rocprim::ROCPRIM_300400_NS::detail::transform_kernel<rocprim::ROCPRIM_300400_NS::detail::wrapped_transform_config<rocprim::ROCPRIM_300400_NS::default_config, unsigned long>, unsigned long, unsigned long*, int*, rocprim::ROCPRIM_300400_NS::identity<void> >(unsigned long*, unsigned long, int*, rocprim::ROCPRIM_300400_NS::identity<void>)",128,0,0,4,0,16,"TCP_TOTAL_CACHE_ACCESSES_sum",2.000000,2911790449298095,2911790449300534
130,130,"Agent 2",1,18927,18927,128,2574,"void at::native::index_elementwise_kernel<128, 4, at::native::gpu_index_kernel<at::native::index_kernel_impl<at::native::OpaqueType<4> >(at::TensorIteratorBase&, c10::ArrayRef<long>, c10::ArrayRef<long>)::{lambda(char*, char const*, long)#1}>(at::TensorIteratorBase&, c10::ArrayRef<long>, c10::ArrayRef<long>, at::native::index_kernel_impl<at::native::OpaqueType<4> >(at::TensorIteratorBase&, c10::ArrayRef<long>, c10::ArrayRef<long>)::{lambda(char*, char const*, long)#1} const&, bool)::{lambda(int)#1}>(long, at::native::gpu_index_kernel<at::native::index_kernel_impl<at::native::OpaqueType<4> >(at::TensorIteratorBase&, c10::ArrayRef<long>, c10::ArrayRef<long>)::{lambda(char*, char const*, long)#1}>(at::TensorIteratorBase&, c10::ArrayRef<long>, c10::ArrayRef<long>, at::native::index_kernel_impl<at::native::OpaqueType<4> >(at::TensorIteratorBase&, c10::ArrayRef<long>, c10::ArrayRef<long>)::{lambda(char*, char const*, long)#1} const&, bool)::{lambda(int)#1})",128,0,0,8,0,64,"TCP_TOTAL_CACHE_ACCESSES_sum",12.000000,2911790465345196,2911790465348875
131,131,"Agent 2",1,18927,18927,256,1292,"void at::native::vectorized_elementwise_kernel<4, at::native::AbsFunctor<float>, std::array<char*, 2ul> >(int, at::native::AbsFunctor<float>, std::array<char*, 2ul>)",256,0,0,8,0,32,"TCP_TOTAL_CACHE_ACCESSES_sum",4.000000,2911790465448906,2911790465450745
132,132,"Agent 2",1,18927,18927,128,308,"void at::native::elementwise_kernel_manual_unroll<128, 4, at::native::gpu_kernel_impl<at::native::direct_copy_kernel_cuda(at::TensorIteratorBase&)::{lambda()#3}::operator()() const::{lambda()#6}::operator()() const::{lambda(double)#1}>(at::TensorIteratorBase&, at::native::direct_copy_kernel_cuda(at::TensorIteratorBase&)::{lambda()#3}::operator()() const::{lambda()#6}::operator()() const::{lambda(double)#1} const&)::{lambda(int, bool)#1}>(int, at::native::gpu_kernel_impl<at::native::direct_copy_kernel_cuda(at::TensorIteratorBase&)::{lambda()#3}::operator()() const::{lambda()#6}::operator()() const::{lambda(double)#1}>(at::TensorIteratorBase&, at::native::direct_copy_kernel_cuda(at::TensorIteratorBase&)::{lambda()#3}::operator()() const::{lambda()#6}::operator()() const::{lambda(double)#1} const&)::{lambda(int, bool)#1})",128,0,0,12,0,64,"TCP_TOTAL_CACHE_ACCESSES_sum",42.000000,2911790465544101,2911790465548499
133,133,"Agent 2",1,18927,18927,32,2734,"void at::native::reduce_kernel<512, 1, at::native::ReduceOp<double, at::native::func_wrapper_t<double, at::native::MinNanFunctor<double> >, unsigned int, double, 4, 4> >(at::native::ReduceOp<double, at::native::func_wrapper_t<double, at::native::MinNanFunctor<double> >, unsigned int, double, 4, 4>)",32,512,80,20,0,80,"TCP_TOTAL_CACHE_ACCESSES_sum",201.000000,2911790470421147,2911790470426664
134,134,"Agent 2",1,18927,18927,32,887,"void at::native::reduce_kernel<512, 1, at::native::ReduceOp<double, at::native::func_wrapper_t<double, at::native::MaxNanFunctor<double> >, unsigned int, double, 4, 4> >(at::native::ReduceOp<double, at::native::func_wrapper_t<double, at::native::MaxNanFunctor<double> >, unsigned int, double, 4, 4>)",32,512,80,20,0,80,"TCP_TOTAL_CACHE_ACCESSES_sum",201.000000,2911790470497471,2911790470504228
135,135,"Agent 2",1,18927,18927,256,2884,"void at::native::vectorized_elementwise_kernel<4, at::native::ceil_kernel_cuda(at::TensorIteratorBase&)::{lambda()#1}::operator()() const::{lambda()#2}::operator()() const::{lambda(float)#1}, std::array<char*, 2ul> >(int, at::native::ceil_kernel_cuda(at::TensorIteratorBase&)::{lambda()#1}::operator()() const::{lambda()#2}::operator()() const::{lambda(float)#1}, std::array<char*, 2ul>)",256,0,0,8,0,32,"TCP_TOTAL_CACHE_ACCESSES_sum",2.000000,2911790484411286,2911790484412926
136,136,"Agent 2",1,18927,18927,256,1413,"void at::native::vectorized_elementwise_kernel<4, at::native::BinaryFunctor<float, float, bool, at::native::(anonymous namespace)::CompareEqFunctor<float> >, std::array<char*, 3ul> >(int, at::native::BinaryFunctor<float, float, bool, at::native::(anonymous namespace)::CompareEqFunctor<float> >, std::array<char*, 3ul>)",256,0,0,20,0,32,"TCP_TOTAL_CACHE_ACCESSES_sum",3.000000,2911790484483173,2911790484486451
137,137,"Agent 2",1,18927,18927,512,23,"__amd_rocclr_copyBuffer",512,0,0,8,0,32,"TCP_TOTAL_CACHE_ACCESSES_sum",2.000000,2911790484596039,2911790484598758
138,138,"Agent 2",1,18927,18927,256,3169,"void at::native::vectorized_elementwise_kernel<4, at::native::BinaryFunctor<double, double, double, at::native::binary_internal::DivFunctor<double> >, std::array<char*, 3ul> >(int, at::native::BinaryFunctor<double, double, double, at::native::binary_internal::DivFunctor<double> >, std::array<char*, 3ul>)",256,0,0,28,0,32,"TCP_TOTAL_CACHE_ACCESSES_sum",3.000000,2911790497085848,2911790497088486
139,139,"Agent 2",1,18927,18927,256,1109,"void at::native::vectorized_elementwise_kernel<4, at::native::compare_scalar_kernel<double>(at::TensorIteratorBase&, at::native::(anonymous namespace)::OpType, double)::{lambda(double)#1}, std::array<char*, 2ul> >(int, at::native::compare_scalar_kernel<double>(at::TensorIteratorBase&, at::native::(anonymous namespace)::OpType, double)::{lambda(double)#1}, std::array<char*, 2ul>)",256,0,0,20,0,64,"TCP_TOTAL_CACHE_ACCESSES_sum",2.000000,2911790497158254,2911790497162571
140,140,"Agent 2",1,18927,18927,512,23,"__amd_rocclr_copyBuffer",512,0,0,8,0,32,"TCP_TOTAL_CACHE_ACCESSES_sum",2.000000,2911790497231619,2911790497233378
141,141,"Agent 2",1,18927,18927,256,1109,"void at::native::vectorized_elementwise_kernel<4, at::native::compare_scalar_kernel<double>(at::TensorIteratorBase&, at::native::(anonymous namespace)::OpType, double)::{lambda(double)#1}, std::array<char*, 2ul> >(int, at::native::compare_scalar_kernel<double>(at::TensorIteratorBase&, at::native::(anonymous namespace)::OpType, double)::{lambda(double)#1}, std::array<char*, 2ul>)",256,0,0,20,0,64,"TCP_TOTAL_CACHE_ACCESSES_sum",2.000000,2911790497324815,2911790497328453
142,142,"Agent 2",1,18927,18927,512,23,"__amd_rocclr_copyBuffer",512,0,0,8,0,32,"TCP_TOTAL_CACHE_ACCESSES_sum",2.000000,2911790497398300,2911790497400179
143,143,"Agent 2",1,18927,18927,256,1109,"void at::native::vectorized_elementwise_kernel<4, at::native::compare_scalar_kernel<double>(at::TensorIteratorBase&, at::native::(anonymous namespace)::OpType, double)::{lambda(double)#1}, std::array<char*, 2ul> >(int, at::native::compare_scalar_kernel<double>(at::TensorIteratorBase&, at::native::(anonymous namespace)::OpType, double)::{lambda(double)#1}, std::array<char*, 2ul>)",256,0,0,20,0,64,"TCP_TOTAL_CACHE_ACCESSES_sum",2.000000,2911790497494934,2911790497498573
144,144,"Agent 2",1,18927,18927,512,23,"__amd_rocclr_copyBuffer",512,0,0,8,0,32,"TCP_TOTAL_CACHE_ACCESSES_sum",2.000000,2911790497569259,2911790497571058
145,145,"Agent 2",1,18927,18927,512,23,"__amd_rocclr_copyBuffer",512,0,0,8,0,32,"TCP_TOTAL_CACHE_ACCESSES_sum",8.000000,2911790497750374,2911790497752453
146,146,"Agent 2",1,18927,18927,1024,23,"__amd_rocclr_copyBuffer",1024,0,0,8,0,32,"TCP_TOTAL_CACHE_ACCESSES_sum",2.000000,2911790497854644,2911790497856644
147,147,"Agent 2",1,18927,18927,1024,23,"__amd_rocclr_copyBuffer",1024,0,0,8,0,32,"TCP_TOTAL_CACHE_ACCESSES_sum",2.000000,2911790497941683,2911790497943682
148,148,"Agent 2",1,18927,18927,1024,23,"__amd_rocclr_copyBuffer",1024,0,0,8,0,32,"TCP_TOTAL_CACHE_ACCESSES_sum",2.000000,2911790498032081,2911790498033960
149,149,"Agent 2",1,18927,18927,512,23,"__amd_rocclr_copyBuffer",512,0,0,8,0,32,"TCP_TOTAL_CACHE_ACCESSES_sum",8.000000,2911790498120039,2911790498122158
150,150,"Agent 2",1,18927,18927,1024,23,"__amd_rocclr_copyBuffer",1024,0,0,8,0,32,"TCP_TOTAL_CACHE_ACCESSES_sum",2.000000,2911790498206238,2911790498208117
151,151,"Agent 2",1,18927,18927,1024,23,"__amd_rocclr_copyBuffer",1024,0,0,8,0,32,"TCP_TOTAL_CACHE_ACCESSES_sum",2.000000,2911790498291358,2911790498293237
152,152,"Agent 2",1,18927,18927,1024,23,"__amd_rocclr_copyBuffer",1024,0,0,8,0,32,"TCP_TOTAL_CACHE_ACCESSES_sum",2.000000,2911790498378117,2911790498379916
153,153,"Agent 2",1,18927,18927,512,23,"__amd_rocclr_copyBuffer",512,0,0,8,0,32,"TCP_TOTAL_CACHE_ACCESSES_sum",8.000000,2911790498464716,2911790498466795
154,154,"Agent 2",1,18927,18927,1024,23,"__amd_rocclr_copyBuffer",1024,0,0,8,0,32,"TCP_TOTAL_CACHE_ACCESSES_sum",2.000000,2911790498552555,2911790498554394
155,155,"Agent 2",1,18927,18927,1024,23,"__amd_rocclr_copyBuffer",1024,0,0,8,0,32,"TCP_TOTAL_CACHE_ACCESSES_sum",2.000000,2911790498638034,2911790498639913
156,156,"Agent 2",1,18927,18927,1024,23,"__amd_rocclr_copyBuffer",1024,0,0,8,0,32,"TCP_TOTAL_CACHE_ACCESSES_sum",2.000000,2911790498725433,2911790498727112
157,157,"Agent 2",1,18927,18927,512,23,"__amd_rocclr_copyBuffer",512,0,0,8,0,32,"TCP_TOTAL_CACHE_ACCESSES_sum",8.000000,2911790498812712,2911790498814791
158,158,"Agent 2",1,18927,18927,1024,23,"__amd_rocclr_copyBuffer",1024,0,0,8,0,32,"TCP_TOTAL_CACHE_ACCESSES_sum",2.000000,2911790498899271,2911790498901110
159,159,"Agent 2",1,18927,18927,1024,23,"__amd_rocclr_copyBuffer",1024,0,0,8,0,32,"TCP_TOTAL_CACHE_ACCESSES_sum",2.000000,2911790498984551,2911790498986470
160,160,"Agent 2",1,18927,18927,1024,23,"__amd_rocclr_copyBuffer",1024,0,0,8,0,32,"TCP_TOTAL_CACHE_ACCESSES_sum",2.000000,2911790499069910,2911790499071749
161,161,"Agent 2",1,18927,18927,512,23,"__amd_rocclr_copyBuffer",512,0,0,8,0,32,"TCP_TOTAL_CACHE_ACCESSES_sum",8.000000,2911790499156709,2911790499158948
162,162,"Agent 2",1,18927,18927,1024,23,"__amd_rocclr_copyBuffer",1024,0,0,8,0,32,"TCP_TOTAL_CACHE_ACCESSES_sum",2.000000,2911790499243628,2911790499245547
163,163,"Agent 2",1,18927,18927,1024,23,"__amd_rocclr_copyBuffer",1024,0,0,8,0,32,"TCP_TOTAL_CACHE_ACCESSES_sum",2.000000,2911790499334065,2911790499335865
164,164,"Agent 2",1,18927,18927,1024,23,"__amd_rocclr_copyBuffer",1024,0,0,8,0,32,"TCP_TOTAL_CACHE_ACCESSES_sum",2.000000,2911790499419025,2911790499420944
165,165,"Agent 2",1,18927,18927,512,23,"__amd_rocclr_copyBuffer",512,0,0,8,0,32,"TCP_TOTAL_CACHE_ACCESSES_sum",8.000000,2911790499505504,2911790499507663
166,166,"Agent 2",1,18927,18927,1024,23,"__amd_rocclr_copyBuffer",1024,0,0,8,0,32,"TCP_TOTAL_CACHE_ACCESSES_sum",2.000000,2911790499590704,2911790499592543
167,167,"Agent 2",1,18927,18927,1024,23,"__amd_rocclr_copyBuffer",1024,0,0,8,0,32,"TCP_TOTAL_CACHE_ACCESSES_sum",2.000000,2911790499677103,2911790499678942
168,168,"Agent 2",1,18927,18927,1024,23,"__amd_rocclr_copyBuffer",1024,0,0,8,0,32,"TCP_TOTAL_CACHE_ACCESSES_sum",2.000000,2911790499764982,2911790499766781
169,169,"Agent 2",1,18927,18927,512,23,"__amd_rocclr_copyBuffer",512,0,0,8,0,32,"TCP_TOTAL_CACHE_ACCESSES_sum",8.000000,2911790499850981,2911790499853180
170,170,"Agent 2",1,18927,18927,1024,23,"__amd_rocclr_copyBuffer",1024,0,0,8,0,32,"TCP_TOTAL_CACHE_ACCESSES_sum",2.000000,2911790499938660,2911790499940659
171,171,"Agent 2",1,18927,18927,1024,23,"__amd_rocclr_copyBuffer",1024,0,0,8,0,32,"TCP_TOTAL_CACHE_ACCESSES_sum",2.000000,2911790500025259,2911790500027178
172,172,"Agent 2",1,18927,18927,1024,23,"__amd_rocclr_copyBuffer",1024,0,0,8,0,32,"TCP_TOTAL_CACHE_ACCESSES_sum",2.000000,2911790500113377,2911790500115256
173,173,"Agent 2",1,18927,18927,512,23,"__amd_rocclr_copyBuffer",512,0,0,8,0,32,"TCP_TOTAL_CACHE_ACCESSES_sum",8.000000,2911790500199656,2911790500201855
174,174,"Agent 2",1,18927,18927,1024,23,"__amd_rocclr_copyBuffer",1024,0,0,8,0,32,"TCP_TOTAL_CACHE_ACCESSES_sum",2.000000,2911790500284936,2911790500286735
175,175,"Agent 2",1,18927,18927,1024,23,"__amd_rocclr_copyBuffer",1024,0,0,8,0,32,"TCP_TOTAL_CACHE_ACCESSES_sum",2.000000,2911790500368457,2911790500370456
176,176,"Agent 2",1,18927,18927,1024,23,"__amd_rocclr_copyBuffer",1024,0,0,8,0,32,"TCP_TOTAL_CACHE_ACCESSES_sum",2.000000,2911790500454176,2911790500456135
177,177,"Agent 2",1,18927,18927,512,23,"__amd_rocclr_copyBuffer",512,0,0,8,0,32,"TCP_TOTAL_CACHE_ACCESSES_sum",2.000000,2911790500646125,2911790500648884
178,178,"Agent 2",1,18927,18927,512,23,"__amd_rocclr_copyBuffer",512,0,0,8,0,32,"TCP_TOTAL_CACHE_ACCESSES_sum",2.000000,2911790500774585,2911790500776664
179,179,"Agent 2",1,18927,18927,128,528,"void at::native::elementwise_kernel_manual_unroll<128, 4, at::native::gpu_kernel_impl_nocast<at::native::direct_copy_kernel_cuda(at::TensorIteratorBase&)::{lambda()#3}::operator()() const::{lambda()#7}::operator()() const::{lambda(float)#1}>(at::TensorIteratorBase&, at::native::direct_copy_kernel_cuda(at::TensorIteratorBase&)::{lambda()#3}::operator()() const::{lambda()#7}::operator()() const::{lambda(float)#1} const&)::{lambda(int, bool)#1}>(int, at::native::gpu_kernel_impl_nocast<at::native::direct_copy_kernel_cuda(at::TensorIteratorBase&)::{lambda()#3}::operator()() const::{lambda()#7}::operator()() const::{lambda(float)#1}>(at::TensorIteratorBase&, at::native::direct_copy_kernel_cuda(at::TensorIteratorBase&)::{lambda()#3}::operator()() const::{lambda()#7}::operator()() const::{lambda(float)#1} const&)::{lambda(int, bool)#1})",128,0,0,12,0,64,"TCP_TOTAL_CACHE_ACCESSES_sum",4.000000,2911790501191348,2911790501194227
180,180,"Agent 2",1,18927,18927,256,1292,"void at::native::vectorized_elementwise_kernel<4, at::native::AbsFunctor<float>, std::array<char*, 2ul> >(int, at::native::AbsFunctor<float>, std::array<char*, 2ul>)",256,0,0,8,0,32,"TCP_TOTAL_CACHE_ACCESSES_sum",4.000000,2911790501263794,2911790501265513
181,181,"Agent 2",1,18927,18927,256,1433,"void at::native::vectorized_elementwise_kernel<4, at::native::AUnaryFunctor<float, float, bool, at::native::(anonymous namespace)::CompareEqFunctor<float> >, std::array<char*, 2ul> >(int, at::native::AUnaryFunctor<float, float, bool, at::native::(anonymous namespace)::CompareEqFunctor<float> >, std::array<char*, 2ul>)",256,0,0,12,0,32,"TCP_TOTAL_CACHE_ACCESSES_sum",4.000000,2911790501334560,2911790501337279
182,182,"Agent 2",1,18927,18927,256,1413,"void at::native::vectorized_elementwise_kernel<4, at::native::BinaryFunctor<float, float, bool, at::native::(anonymous namespace)::CompareEqFunctor<float> >, std::array<char*, 3ul> >(int, at::native::BinaryFunctor<float, float, bool, at::native::(anonymous namespace)::CompareEqFunctor<float> >, std::array<char*, 3ul>)",256,0,0,20,0,32,"TCP_TOTAL_CACHE_ACCESSES_sum",6.000000,2911790501409205,2911790501412563
183,183,"Agent 2",1,18927,18927,256,1742,"void at::native::vectorized_elementwise_kernel<16, at::native::BinaryFunctor<bool, bool, bool, at::native::binary_internal::MulFunctor<bool> >, std::array<char*, 3ul> >(int, at::native::BinaryFunctor<bool, bool, bool, at::native::binary_internal::MulFunctor<bool> >, std::array<char*, 3ul>)",256,0,0,20,0,80,"TCP_TOTAL_CACHE_ACCESSES_sum",6.000000,2911790501479892,2911790501482770
184,184,"Agent 2",1,18927,18927,256,1433,"void at::native::vectorized_elementwise_kernel<4, at::native::AUnaryFunctor<float, float, bool, at::native::(anonymous namespace)::CompareEqFunctor<float> >, std::array<char*, 2ul> >(int, at::native::AUnaryFunctor<float, float, bool, at::native::(anonymous namespace)::CompareEqFunctor<float> >, std::array<char*, 2ul>)",256,0,0,12,0,32,"TCP_TOTAL_CACHE_ACCESSES_sum",4.000000,2911790501552697,2911790501555376
185,185,"Agent 2",1,18927,18927,256,1944,"void at::native::vectorized_elementwise_kernel<16, at::native::BinaryFunctor<bool, bool, bool, at::native::BitwiseAndFunctor<bool> >, std::array<char*, 3ul> >(int, at::native::BinaryFunctor<bool, bool, bool, at::native::BitwiseAndFunctor<bool> >, std::array<char*, 3ul>)",256,0,0,20,0,80,"TCP_TOTAL_CACHE_ACCESSES_sum",6.000000,2911790501623903,2911790501626462
186,186,"Agent 2",1,18927,18927,256,2472,"void rocprim::ROCPRIM_300400_NS::detail::block_reduce_kernel<true, false, 16u, rocprim::ROCPRIM_300400_NS::detail::wrapped_reduce_config<rocprim::ROCPRIM_300400_NS::default_config, int>, int, hipcub::HIPCUB_300500_NS::TransformInputIterator<bool, at::native::(anonymous namespace)::NonZeroOp<bool>, bool const*, long>, int*, int, hipcub::HIPCUB_300500_NS::detail::convert_binary_result_type_wrapper<int, hipcub::HIPCUB_300500_NS::TransformInputIterator<bool, at::native::(anonymous namespace)::NonZeroOp<bool>, bool const*, long>, int*, hipcub::HIPCUB_300500_NS::Sum> >(hipcub::HIPCUB_300500_NS::TransformInputIterator<bool, at::native::(anonymous namespace)::NonZeroOp<bool>, bool const*, long>, unsigned long, int*, int, hipcub::HIPCUB_300500_NS::detail::convert_binary_result_type_wrapper<int, hipcub::HIPCUB_300500_NS::TransformInputIterator<bool, at::native::(anonymous namespace)::NonZeroOp<bool>, bool const*, long>, int*, hipcub::HIPCUB_300500_NS::Sum>)",256,512,0,4,0,32,"TCP_TOTAL_CACHE_ACCESSES_sum",3.000000,2911790501695110,2911790501697069
187,187,"Agent 2",1,18927,18927,512,23,"__amd_rocclr_copyBuffer",512,0,0,8,0,32,"TCP_TOTAL_CACHE_ACCESSES_sum",8.000000,2911790501766956,2911790501769195
188,188,"Agent 2",1,18927,18927,256,26,"__amd_rocclr_fillBufferAligned",256,0,0,8,0,48,"TCP_TOTAL_CACHE_ACCESSES_sum",2.000000,2911790501879023,2911790501881102
189,189,"Agent 2",1,18927,18927,256,26,"__amd_rocclr_fillBufferAligned",256,0,0,8,0,48,"TCP_TOTAL_CACHE_ACCESSES_sum",2.000000,2911790501949070,2911790501951149
190,190,"Agent 2",1,18927,18927,256,2506,"void rocprim::ROCPRIM_300400_NS::detail::init_lookback_scan_state_kernel<rocprim::ROCPRIM_300400_NS::detail::lookback_scan_state<unsigned int, false, true> const>(rocprim::ROCPRIM_300400_NS::detail::lookback_scan_state<unsigned int, false, true> const, unsigned int, unsigned int, rocprim::ROCPRIM_300400_NS::detail::lookback_scan_state<unsigned int, false, true> const::value_type*)",256,0,0,4,0,16,"TCP_TOTAL_CACHE_ACCESSES_sum",17.000000,2911790502020836,2911790502022195
191,191,"Agent 2",1,18927,18927,128,2398,"void rocprim::ROCPRIM_300400_NS::detail::partition_kernel<(rocprim::ROCPRIM_300400_NS::detail::select_method)0, true, rocprim::ROCPRIM_300400_NS::detail::wrapped_partition_config<rocprim::ROCPRIM_300400_NS::default_config, (rocprim::ROCPRIM_300400_NS::detail::partition_subalgo)5, long, rocprim::ROCPRIM_300400_NS::empty_type>, hipcub::HIPCUB_300500_NS::CountingInputIterator<long, long>, rocprim::ROCPRIM_300400_NS::empty_type*, hipcub::HIPCUB_300500_NS::TransformInputIterator<bool, at::native::(anonymous namespace)::NonZeroOp<bool>, bool const*, long>, rocprim::ROCPRIM_300400_NS::tuple<long*, rocprim::ROCPRIM_300400_NS::empty_type>, rocprim::ROCPRIM_300400_NS::tuple<rocprim::ROCPRIM_300400_NS::empty_type*, rocprim::ROCPRIM_300400_NS::empty_type*>, rocprim::ROCPRIM_300400_NS::empty_type, rocprim::ROCPRIM_300400_NS::detail::lookback_scan_state<unsigned int, false, true>, rocprim::ROCPRIM_300400_NS::empty_type>(hipcub::HIPCUB_300500_NS::CountingInputIterator<long, long>, rocprim::ROCPRIM_300400_NS::empty_type*, hipcub::HIPCUB_300500_NS::TransformInputIterator<bool, at::native::(anonymous namespace)::NonZeroOp<bool>, bool const*, long>, rocprim::ROCPRIM_300400_NS::tuple<long*, rocprim::ROCPRIM_300400_NS::empty_type>, rocprim::ROCPRIM_300400_NS::tuple<rocprim::ROCPRIM_300400_NS::empty_type*, rocprim::ROCPRIM_300400_NS::empty_type*>, unsigned long*, unsigned long*, unsigned long, unsigned long, rocprim::ROCPRIM_300400_NS::empty_type, rocprim::ROCPRIM_300400_NS::detail::lookback_scan_state<unsigned int, false, true>, unsigned int, rocprim::ROCPRIM_300400_NS::detail::vsmem_t, rocprim::ROCPRIM_300400_NS::empty_type)",128,7680,0,28,0,48,"TCP_TOTAL_CACHE_ACCESSES_sum",22.000000,2911790502090803,2911790502093801
192,192,"Agent 2",1,18927,18927,128,2289,"void rocprim::ROCPRIM_300400_NS::detail::transform_kernel<rocprim::ROCPRIM_300400_NS::detail::wrapped_transform_config<rocprim::ROCPRIM_300400_NS::default_config, unsigned long>, unsigned long, unsigned long*, int*, rocprim::ROCPRIM_300400_NS::identity<void> >(unsigned long*, unsigned long, int*, rocprim::ROCPRIM_300400_NS::identity<void>)",128,0,0,4,0,16,"TCP_TOTAL_CACHE_ACCESSES_sum",2.000000,2911790502164968,2911790502167207
193,193,"Agent 2",1,18927,18927,128,2574,"void at::native::index_elementwise_kernel<128, 4, at::native::gpu_index_kernel<at::native::index_kernel_impl<at::native::OpaqueType<4> >(at::TensorIteratorBase&, c10::ArrayRef<long>, c10::ArrayRef<long>)::{lambda(char*, char const*, long)#1}>(at::TensorIteratorBase&, c10::ArrayRef<long>, c10::ArrayRef<long>, at::native::index_kernel_impl<at::native::OpaqueType<4> >(at::TensorIteratorBase&, c10::ArrayRef<long>, c10::ArrayRef<long>)::{lambda(char*, char const*, long)#1} const&, bool)::{lambda(int)#1}>(long, at::native::gpu_index_kernel<at::native::index_kernel_impl<at::native::OpaqueType<4> >(at::TensorIteratorBase&, c10::ArrayRef<long>, c10::ArrayRef<long>)::{lambda(char*, char const*, long)#1}>(at::TensorIteratorBase&, c10::ArrayRef<long>, c10::ArrayRef<long>, at::native::index_kernel_impl<at::native::OpaqueType<4> >(at::TensorIteratorBase&, c10::ArrayRef<long>, c10::ArrayRef<long>)::{lambda(char*, char const*, long)#1} const&, bool)::{lambda(int)#1})",128,0,0,8,0,64,"TCP_TOTAL_CACHE_ACCESSES_sum",12.000000,2911790502236654,2911790502240092
194,194,"Agent 2",1,18927,18927,256,1292,"void at::native::vectorized_elementwise_kernel<4, at::native::AbsFunctor<float>, std::array<char*, 2ul> >(int, at::native::AbsFunctor<float>, std::array<char*, 2ul>)",256,0,0,8,0,32,"TCP_TOTAL_CACHE_ACCESSES_sum",4.000000,2911790502312498,2911790502313977
195,195,"Agent 2",1,18927,18927,128,308,"void at::native::elementwise_kernel_manual_unroll<128, 4, at::native::gpu_kernel_impl<at::native::direct_copy_kernel_cuda(at::TensorIteratorBase&)::{lambda()#3}::operator()() const::{lambda()#6}::operator()() const::{lambda(double)#1}>(at::TensorIteratorBase&, at::native::direct_copy_kernel_cuda(at::TensorIteratorBase&)::{lambda()#3}::operator()() const::{lambda()#6}::operator()() const::{lambda(double)#1} const&)::{lambda(int, bool)#1}>(int, at::native::gpu_kernel_impl<at::native::direct_copy_kernel_cuda(at::TensorIteratorBase&)::{lambda()#3}::operator()() const::{lambda()#6}::operator()() const::{lambda(double)#1}>(at::TensorIteratorBase&, at::native::direct_copy_kernel_cuda(at::TensorIteratorBase&)::{lambda()#3}::operator()() const::{lambda()#6}::operator()() const::{lambda(double)#1} const&)::{lambda(int, bool)#1})",128,0,0,12,0,64,"TCP_TOTAL_CACHE_ACCESSES_sum",42.000000,2911790502384424,2911790502387503
196,196,"Agent 2",1,18927,18927,32,2734,"void at::native::reduce_kernel<512, 1, at::native::ReduceOp<double, at::native::func_wrapper_t<double, at::native::MinNanFunctor<double> >, unsigned int, double, 4, 4> >(at::native::ReduceOp<double, at::native::func_wrapper_t<double, at::native::MinNanFunctor<double> >, unsigned int, double, 4, 4>)",32,512,80,20,0,80,"TCP_TOTAL_CACHE_ACCESSES_sum",201.000000,2911790502457949,2911790502463267
197,197,"Agent 2",1,18927,18927,32,887,"void at::native::reduce_kernel<512, 1, at::native::ReduceOp<double, at::native::func_wrapper_t<double, at::native::MaxNanFunctor<double> >, unsigned int, double, 4, 4> >(at::native::ReduceOp<double, at::native::func_wrapper_t<double, at::native::MaxNanFunctor<double> >, unsigned int, double, 4, 4>)",32,512,80,20,0,80,"TCP_TOTAL_CACHE_ACCESSES_sum",201.000000,2911790502531275,2911790502536072
198,198,"Agent 2",1,18927,18927,256,2884,"void at::native::vectorized_elementwise_kernel<4, at::native::ceil_kernel_cuda(at::TensorIteratorBase&)::{lambda()#1}::operator()() const::{lambda()#2}::operator()() const::{lambda(float)#1}, std::array<char*, 2ul> >(int, at::native::ceil_kernel_cuda(at::TensorIteratorBase&)::{lambda()#1}::operator()() const::{lambda()#2}::operator()() const::{lambda(float)#1}, std::array<char*, 2ul>)",256,0,0,8,0,32,"TCP_TOTAL_CACHE_ACCESSES_sum",2.000000,2911790502604120,2911790502605640
199,199,"Agent 2",1,18927,18927,256,1413,"void at::native::vectorized_elementwise_kernel<4, at::native::BinaryFunctor<float, float, bool, at::native::(anonymous namespace)::CompareEqFunctor<float> >, std::array<char*, 3ul> >(int, at::native::BinaryFunctor<float, float, bool, at::native::(anonymous namespace)::CompareEqFunctor<float> >, std::array<char*, 3ul>)",256,0,0,20,0,32,"TCP_TOTAL_CACHE_ACCESSES_sum",3.000000,2911790502675607,2911790502678805
200,200,"Agent 2",1,18927,18927,512,23,"__amd_rocclr_copyBuffer",512,0,0,8,0,32,"TCP_TOTAL_CACHE_ACCESSES_sum",2.000000,2911790502745733,2911790502747213
201,201,"Agent 2",1,18927,18927,256,3169,"void at::native::vectorized_elementwise_kernel<4, at::native::BinaryFunctor<double, double, double, at::native::binary_internal::DivFunctor<double> >, std::array<char*, 3ul> >(int, at::native::BinaryFunctor<double, double, double, at::native::binary_internal::DivFunctor<double> >, std::array<char*, 3ul>)",256,0,0,28,0,32,"TCP_TOTAL_CACHE_ACCESSES_sum",3.000000,2911790502869675,2911790502871954
202,202,"Agent 2",1,18927,18927,256,1109,"void at::native::vectorized_elementwise_kernel<4, at::native::compare_scalar_kernel<double>(at::TensorIteratorBase&, at::native::(anonymous namespace)::OpType, double)::{lambda(double)#1}, std::array<char*, 2ul> >(int, at::native::compare_scalar_kernel<double>(at::TensorIteratorBase&, at::native::(anonymous namespace)::OpType, double)::{lambda(double)#1}, std::array<char*, 2ul>)",256,0,0,20,0,64,"TCP_TOTAL_CACHE_ACCESSES_sum",2.000000,2911790502941401,2911790502944999
203,203,"Agent 2",1,18927,18927,512,23,"__amd_rocclr_copyBuffer",512,0,0,8,0,32,"TCP_TOTAL_CACHE_ACCESSES_sum",2.000000,2911790503013647,2911790503015246
204,204,"Agent 2",1,18927,18927,256,1109,"void at::native::vectorized_elementwise_kernel<4, at::native::compare_scalar_kernel<double>(at::TensorIteratorBase&, at::native::(anonymous namespace)::OpType, double)::{lambda(double)#1}, std::array<char*, 2ul> >(int, at::native::compare_scalar_kernel<double>(at::TensorIteratorBase&, at::native::(anonymous namespace)::OpType, double)::{lambda(double)#1}, std::array<char*, 2ul>)",256,0,0,20,0,64,"TCP_TOTAL_CACHE_ACCESSES_sum",2.000000,2911790503105523,2911790503109002
205,205,"Agent 2",1,18927,18927,512,23,"__amd_rocclr_copyBuffer",512,0,0,8,0,32,"TCP_TOTAL_CACHE_ACCESSES_sum",2.000000,2911790503178529,2911790503180128
206,206,"Agent 2",1,18927,18927,256,1109,"void at::native::vectorized_elementwise_kernel<4, at::native::compare_scalar_kernel<double>(at::TensorIteratorBase&, at::native::(anonymous namespace)::OpType, double)::{lambda(double)#1}, std::array<char*, 2ul> >(int, at::native::compare_scalar_kernel<double>(at::TensorIteratorBase&, at::native::(anonymous namespace)::OpType, double)::{lambda(double)#1}, std::array<char*, 2ul>)",256,0,0,20,0,64,"TCP_TOTAL_CACHE_ACCESSES_sum",2.000000,2911790503265328,2911790503268886
207,207,"Agent 2",1,18927,18927,512,23,"__amd_rocclr_copyBuffer",512,0,0,8,0,32,"TCP_TOTAL_CACHE_ACCESSES_sum",2.000000,2911790503338773,2911790503340412
208,208,"Agent 2",1,18927,18927,512,23,"__amd_rocclr_copyBuffer",512,0,0,8,0,32,"TCP_TOTAL_CACHE_ACCESSES_sum",8.000000,2911790503453519,2911790503455398
209,209,"Agent 2",1,18927,18927,1024,23,"__amd_rocclr_copyBuffer",1024,0,0,8,0,32,"TCP_TOTAL_CACHE_ACCESSES_sum",2.000000,2911790503542437,2911790503544356
210,210,"Agent 2",1,18927,18927,1024,23,"__amd_rocclr_copyBuffer",1024,0,0,8,0,32,"TCP_TOTAL_CACHE_ACCESSES_sum",2.000000,2911790503628596,2911790503630355
211,211,"Agent 2",1,18927,18927,1024,23,"__amd_rocclr_copyBuffer",1024,0,0,8,0,32,"TCP_TOTAL_CACHE_ACCESSES_sum",2.000000,2911790503714756,2911790503716635
212,212,"Agent 2",1,18927,18927,512,23,"__amd_rocclr_copyBuffer",512,0,0,8,0,32,"TCP_TOTAL_CACHE_ACCESSES_sum",8.000000,2911790503801275,2911790503803274
213,213,"Agent 2",1,18927,18927,1024,23,"__amd_rocclr_copyBuffer",1024,0,0,8,0,32,"TCP_TOTAL_CACHE_ACCESSES_sum",2.000000,2911790503888194,2911790503889953
214,214,"Agent 2",1,18927,18927,1024,23,"__amd_rocclr_copyBuffer",1024,0,0,8,0,32,"TCP_TOTAL_CACHE_ACCESSES_sum",2.000000,2911790503973993,2911790503975712
215,215,"Agent 2",1,18927,18927,1024,23,"__amd_rocclr_copyBuffer",1024,0,0,8,0,32,"TCP_TOTAL_CACHE_ACCESSES_sum",2.000000,2911790504060872,2911790504062631
216,216,"Agent 2",1,18927,18927,512,23,"__amd_rocclr_copyBuffer",512,0,0,8,0,32,"TCP_TOTAL_CACHE_ACCESSES_sum",8.000000,2911790504147631,2911790504149670
217,217,"Agent 2",1,18927,18927,1024,23,"__amd_rocclr_copyBuffer",1024,0,0,8,0,32,"TCP_TOTAL_CACHE_ACCESSES_sum",2.000000,2911790504235270,2911790504237109
218,218,"Agent 2",1,18927,18927,1024,23,"__amd_rocclr_copyBuffer",1024,0,0,8,0,32,"TCP_TOTAL_CACHE_ACCESSES_sum",2.000000,2911790504322708,2911790504324507
219,219,"Agent 2",1,18927,18927,1024,23,"__amd_rocclr_copyBuffer",1024,0,0,8,0,32,"TCP_TOTAL_CACHE_ACCESSES_sum",2.000000,2911790504409307,2911790504411107
220,220,"Agent 2",1,18927,18927,512,23,"__amd_rocclr_copyBuffer",512,0,0,8,0,32,"TCP_TOTAL_CACHE_ACCESSES_sum",8.000000,2911790504493867,2911790504496026
221,221,"Agent 2",1,18927,18927,1024,23,"__amd_rocclr_copyBuffer",1024,0,0,8,0,32,"TCP_TOTAL_CACHE_ACCESSES_sum",2.000000,2911790504580506,2911790504582346
222,222,"Agent 2",1,18927,18927,1024,23,"__amd_rocclr_copyBuffer",1024,0,0,8,0,32,"TCP_TOTAL_CACHE_ACCESSES_sum",2.000000,2911790504665786,2911790504667585
223,223,"Agent 2",1,18927,18927,1024,23,"__amd_rocclr_copyBuffer",1024,0,0,8,0,32,"TCP_TOTAL_CACHE_ACCESSES_sum",2.000000,2911790504752385,2911790504754264
224,224,"Agent 2",1,18927,18927,512,23,"__amd_rocclr_copyBuffer",512,0,0,8,0,32,"TCP_TOTAL_CACHE_ACCESSES_sum",8.000000,2911790504836346,2911790504838465
225,225,"Agent 2",1,18927,18927,1024,23,"__amd_rocclr_copyBuffer",1024,0,0,8,0,32,"TCP_TOTAL_CACHE_ACCESSES_sum",2.000000,2911790504922105,2911790504924024
226,226,"Agent 2",1,18927,18927,1024,23,"__amd_rocclr_copyBuffer",1024,0,0,8,0,32,"TCP_TOTAL_CACHE_ACCESSES_sum",2.000000,2911790505008304,2911790505010024
227,227,"Agent 2",1,18927,18927,1024,23,"__amd_rocclr_copyBuffer",1024,0,0,8,0,32,"TCP_TOTAL_CACHE_ACCESSES_sum",2.000000,2911790505094104,2911790505095983
228,228,"Agent 2",1,18927,18927,512,23,"__amd_rocclr_copyBuffer",512,0,0,8,0,32,"TCP_TOTAL_CACHE_ACCESSES_sum",8.000000,2911790505177664,2911790505179623
229,229,"Agent 2",1,18927,18927,1024,23,"__amd_rocclr_copyBuffer",1024,0,0,8,0,32,"TCP_TOTAL_CACHE_ACCESSES_sum",2.000000,2911790505263424,2911790505265303
230,230,"Agent 2",1,18927,18927,1024,23,"__amd_rocclr_copyBuffer",1024,0,0,8,0,32,"TCP_TOTAL_CACHE_ACCESSES_sum",2.000000,2911790505348144,2911790505349943
231,231,"Agent 2",1,18927,18927,1024,23,"__amd_rocclr_copyBuffer",1024,0,0,8,0,32,"TCP_TOTAL_CACHE_ACCESSES_sum",2.000000,2911790505434983,2911790505436902
232,232,"Agent 2",1,18927,18927,512,23,"__amd_rocclr_copyBuffer",512,0,0,8,0,32,"TCP_TOTAL_CACHE_ACCESSES_sum",8.000000,2911790505520462,2911790505522581
233,233,"Agent 2",1,18927,18927,1024,23,"__amd_rocclr_copyBuffer",1024,0,0,8,0,32,"TCP_TOTAL_CACHE_ACCESSES_sum",2.000000,2911790505605822,2911790505607661
234,234,"Agent 2",1,18927,18927,1024,23,"__amd_rocclr_copyBuffer",1024,0,0,8,0,32,"TCP_TOTAL_CACHE_ACCESSES_sum",2.000000,2911790505692701,2911790505694500
235,235,"Agent 2",1,18927,18927,1024,23,"__amd_rocclr_copyBuffer",1024,0,0,8,0,32,"TCP_TOTAL_CACHE_ACCESSES_sum",2.000000,2911790505779420,2911790505781339
236,236,"Agent 2",1,18927,18927,512,23,"__amd_rocclr_copyBuffer",512,0,0,8,0,32,"TCP_TOTAL_CACHE_ACCESSES_sum",8.000000,2911790505864460,2911790505866619
237,237,"Agent 2",1,18927,18927,1024,23,"__amd_rocclr_copyBuffer",1024,0,0,8,0,32,"TCP_TOTAL_CACHE_ACCESSES_sum",2.000000,2911790505952418,2911790505954497
238,238,"Agent 2",1,18927,18927,1024,23,"__amd_rocclr_copyBuffer",1024,0,0,8,0,32,"TCP_TOTAL_CACHE_ACCESSES_sum",2.000000,2911790506039497,2911790506041136
239,239,"Agent 2",1,18927,18927,1024,23,"__amd_rocclr_copyBuffer",1024,0,0,8,0,32,"TCP_TOTAL_CACHE_ACCESSES_sum",2.000000,2911790506123178,2911790506124937
240,240,"Agent 2",1,18927,18927,512,23,"__amd_rocclr_copyBuffer",512,0,0,8,0,32,"TCP_TOTAL_CACHE_ACCESSES_sum",2.000000,2911790506236724,2911790506238443
241,241,"Agent 2",1,18927,18927,512,23,"__amd_rocclr_copyBuffer",512,0,0,8,0,32,"TCP_TOTAL_CACHE_ACCESSES_sum",2.000000,2911790506345193,2911790506347432
